GEO_ID,GEO_NAME,DESC_VAL
1,Aeugst am Albis,Deutsches Sprachgebiet
2,Affoltern am Albis,Deutsches Sprachgebiet
3,Bonstetten,Deutsches Sprachgebiet
4,Hausen am Albis,Deutsches Sprachgebiet
5,Hedingen,Deutsches Sprachgebiet
6,Kappel am Albis,Deutsches Sprachgebiet
7,Knonau,Deutsches Sprachgebiet
8,Maschwanden,Deutsches Sprachgebiet
9,Mettmenstetten,Deutsches Sprachgebiet
10,Obfelden,Deutsches Sprachgebiet
11,Ottenbach,Deutsches Sprachgebiet
12,Rifferswil,Deutsches Sprachgebiet
13,Stallikon,Deutsches Sprachgebiet
14,Wettswil am Albis,Deutsches Sprachgebiet
21,Adlikon,Deutsches Sprachgebiet
22,Benken (ZH),Deutsches Sprachgebiet
23,Berg am Irchel,Deutsches Sprachgebiet
24,Buch am Irchel,Deutsches Sprachgebiet
25,Dachsen,Deutsches Sprachgebiet
26,Dorf,Deutsches Sprachgebiet
27,Feuerthalen,Deutsches Sprachgebiet
28,Flaach,Deutsches Sprachgebiet
29,Flurlingen,Deutsches Sprachgebiet
30,Andelfingen,Deutsches Sprachgebiet
31,Henggart,Deutsches Sprachgebiet
32,Humlikon,Deutsches Sprachgebiet
33,Kleinandelfingen,Deutsches Sprachgebiet
34,Laufen-Uhwiesen,Deutsches Sprachgebiet
35,Marthalen,Deutsches Sprachgebiet
37,Ossingen,Deutsches Sprachgebiet
38,Rheinau,Deutsches Sprachgebiet
39,Thalheim an der Thur,Deutsches Sprachgebiet
40,Trüllikon,Deutsches Sprachgebiet
41,Truttikon,Deutsches Sprachgebiet
43,Volken,Deutsches Sprachgebiet
51,Bachenbülach,Deutsches Sprachgebiet
52,Bassersdorf,Deutsches Sprachgebiet
53,Bülach,Deutsches Sprachgebiet
54,Dietlikon,Deutsches Sprachgebiet
55,Eglisau,Deutsches Sprachgebiet
56,Embrach,Deutsches Sprachgebiet
57,Freienstein-Teufen,Deutsches Sprachgebiet
58,Glattfelden,Deutsches Sprachgebiet
59,Hochfelden,Deutsches Sprachgebiet
60,Höri,Deutsches Sprachgebiet
61,Hüntwangen,Deutsches Sprachgebiet
62,Kloten,Deutsches Sprachgebiet
63,Lufingen,Deutsches Sprachgebiet
64,Nürensdorf,Deutsches Sprachgebiet
65,Oberembrach,Deutsches Sprachgebiet
66,Opfikon,Deutsches Sprachgebiet
67,Rafz,Deutsches Sprachgebiet
68,Rorbas,Deutsches Sprachgebiet
69,Wallisellen,Deutsches Sprachgebiet
70,Wasterkingen,Deutsches Sprachgebiet
71,Wil (ZH),Deutsches Sprachgebiet
72,Winkel,Deutsches Sprachgebiet
81,Bachs,Deutsches Sprachgebiet
82,Boppelsen,Deutsches Sprachgebiet
83,Buchs (ZH),Deutsches Sprachgebiet
84,Dällikon,Deutsches Sprachgebiet
85,Dänikon,Deutsches Sprachgebiet
86,Dielsdorf,Deutsches Sprachgebiet
87,Hüttikon,Deutsches Sprachgebiet
88,Neerach,Deutsches Sprachgebiet
89,Niederglatt,Deutsches Sprachgebiet
90,Niederhasli,Deutsches Sprachgebiet
91,Niederweningen,Deutsches Sprachgebiet
92,Oberglatt,Deutsches Sprachgebiet
93,Oberweningen,Deutsches Sprachgebiet
94,Otelfingen,Deutsches Sprachgebiet
95,Regensberg,Deutsches Sprachgebiet
96,Regensdorf,Deutsches Sprachgebiet
97,Rümlang,Deutsches Sprachgebiet
98,Schleinikon,Deutsches Sprachgebiet
99,Schöfflisdorf,Deutsches Sprachgebiet
100,Stadel,Deutsches Sprachgebiet
101,Steinmaur,Deutsches Sprachgebiet
102,Weiach,Deutsches Sprachgebiet
111,Bäretswil,Deutsches Sprachgebiet
112,Bubikon,Deutsches Sprachgebiet
113,Dürnten,Deutsches Sprachgebiet
114,Fischenthal,Deutsches Sprachgebiet
115,Gossau (ZH),Deutsches Sprachgebiet
116,Grüningen,Deutsches Sprachgebiet
117,Hinwil,Deutsches Sprachgebiet
118,Rüti (ZH),Deutsches Sprachgebiet
119,Seegräben,Deutsches Sprachgebiet
120,Wald (ZH),Deutsches Sprachgebiet
121,Wetzikon (ZH),Deutsches Sprachgebiet
131,Adliswil,Deutsches Sprachgebiet
135,Kilchberg (ZH),Deutsches Sprachgebiet
136,Langnau am Albis,Deutsches Sprachgebiet
137,Oberrieden,Deutsches Sprachgebiet
138,Richterswil,Deutsches Sprachgebiet
139,Rüschlikon,Deutsches Sprachgebiet
141,Thalwil,Deutsches Sprachgebiet
151,Erlenbach (ZH),Deutsches Sprachgebiet
152,Herrliberg,Deutsches Sprachgebiet
153,Hombrechtikon,Deutsches Sprachgebiet
154,Küsnacht (ZH),Deutsches Sprachgebiet
155,Männedorf,Deutsches Sprachgebiet
156,Meilen,Deutsches Sprachgebiet
157,Oetwil am See,Deutsches Sprachgebiet
158,Stäfa,Deutsches Sprachgebiet
159,Uetikon am See,Deutsches Sprachgebiet
160,Zumikon,Deutsches Sprachgebiet
161,Zollikon,Deutsches Sprachgebiet
172,Fehraltorf,Deutsches Sprachgebiet
173,Hittnau,Deutsches Sprachgebiet
176,Lindau,Deutsches Sprachgebiet
177,Pfäffikon,Deutsches Sprachgebiet
178,Russikon,Deutsches Sprachgebiet
180,Weisslingen,Deutsches Sprachgebiet
181,Wila,Deutsches Sprachgebiet
182,Wildberg,Deutsches Sprachgebiet
191,Dübendorf,Deutsches Sprachgebiet
192,Egg,Deutsches Sprachgebiet
193,Fällanden,Deutsches Sprachgebiet
194,Greifensee,Deutsches Sprachgebiet
195,Maur,Deutsches Sprachgebiet
196,Mönchaltorf,Deutsches Sprachgebiet
197,Schwerzenbach,Deutsches Sprachgebiet
198,Uster,Deutsches Sprachgebiet
199,Volketswil,Deutsches Sprachgebiet
200,Wangen-Brüttisellen,Deutsches Sprachgebiet
211,Altikon,Deutsches Sprachgebiet
213,Brütten,Deutsches Sprachgebiet
214,Dägerlen,Deutsches Sprachgebiet
215,Dättlikon,Deutsches Sprachgebiet
216,Dinhard,Deutsches Sprachgebiet
218,Ellikon an der Thur,Deutsches Sprachgebiet
219,Elsau,Deutsches Sprachgebiet
220,Hagenbuch,Deutsches Sprachgebiet
221,Hettlingen,Deutsches Sprachgebiet
223,Neftenbach,Deutsches Sprachgebiet
224,Pfungen,Deutsches Sprachgebiet
225,Rickenbach (ZH),Deutsches Sprachgebiet
226,Schlatt (ZH),Deutsches Sprachgebiet
227,Seuzach,Deutsches Sprachgebiet
228,Turbenthal,Deutsches Sprachgebiet
230,Winterthur,Deutsches Sprachgebiet
231,Zell (ZH),Deutsches Sprachgebiet
241,Aesch (ZH),Deutsches Sprachgebiet
242,Birmensdorf (ZH),Deutsches Sprachgebiet
243,Dietikon,Deutsches Sprachgebiet
244,Geroldswil,Deutsches Sprachgebiet
245,Oberengstringen,Deutsches Sprachgebiet
246,Oetwil an der Limmat,Deutsches Sprachgebiet
247,Schlieren,Deutsches Sprachgebiet
248,Uitikon,Deutsches Sprachgebiet
249,Unterengstringen,Deutsches Sprachgebiet
250,Urdorf,Deutsches Sprachgebiet
251,Weiningen (ZH),Deutsches Sprachgebiet
261,Zürich,Deutsches Sprachgebiet
292,Stammheim,Deutsches Sprachgebiet
293,Wädenswil,Deutsches Sprachgebiet
294,Elgg,Deutsches Sprachgebiet
295,Horgen,Deutsches Sprachgebiet
296,Illnau-Effretikon,Deutsches Sprachgebiet
297,Bauma,Deutsches Sprachgebiet
298,Wiesendangen,Deutsches Sprachgebiet
301,Aarberg,Deutsches Sprachgebiet
302,Bargen (BE),Deutsches Sprachgebiet
303,Grossaffoltern,Deutsches Sprachgebiet
304,Kallnach,Deutsches Sprachgebiet
305,Kappelen,Deutsches Sprachgebiet
306,Lyss,Deutsches Sprachgebiet
307,Meikirch,Deutsches Sprachgebiet
309,Radelfingen,Deutsches Sprachgebiet
310,Rapperswil (BE),Deutsches Sprachgebiet
311,Schüpfen,Deutsches Sprachgebiet
312,Seedorf (BE),Deutsches Sprachgebiet
321,Aarwangen,Deutsches Sprachgebiet
322,Auswil,Deutsches Sprachgebiet
323,Bannwil,Deutsches Sprachgebiet
324,Bleienbach,Deutsches Sprachgebiet
325,Busswil bei Melchnau,Deutsches Sprachgebiet
326,Gondiswil,Deutsches Sprachgebiet
329,Langenthal,Deutsches Sprachgebiet
331,Lotzwil,Deutsches Sprachgebiet
332,Madiswil,Deutsches Sprachgebiet
333,Melchnau,Deutsches Sprachgebiet
335,Oeschenbach,Deutsches Sprachgebiet
336,Reisiswil,Deutsches Sprachgebiet
337,Roggwil (BE),Deutsches Sprachgebiet
338,Rohrbach,Deutsches Sprachgebiet
339,Rohrbachgraben,Deutsches Sprachgebiet
340,Rütschelen,Deutsches Sprachgebiet
341,Schwarzhäusern,Deutsches Sprachgebiet
342,Thunstetten,Deutsches Sprachgebiet
344,Ursenbach,Deutsches Sprachgebiet
345,Wynau,Deutsches Sprachgebiet
351,Bern,Deutsches Sprachgebiet
352,Bolligen,Deutsches Sprachgebiet
353,Bremgarten bei Bern,Deutsches Sprachgebiet
354,Kirchlindach,Deutsches Sprachgebiet
355,Köniz,Deutsches Sprachgebiet
356,Muri bei Bern,Deutsches Sprachgebiet
357,Oberbalm,Deutsches Sprachgebiet
358,Stettlen,Deutsches Sprachgebiet
359,Vechigen,Deutsches Sprachgebiet
360,Wohlen bei Bern,Deutsches Sprachgebiet
361,Zollikofen,Deutsches Sprachgebiet
362,Ittigen,Deutsches Sprachgebiet
363,Ostermundigen,Deutsches Sprachgebiet
371,Biel/Bienne,Deutsches Sprachgebiet
372,Evilard,Deutsches Sprachgebiet
381,Arch,Deutsches Sprachgebiet
382,Büetigen,Deutsches Sprachgebiet
383,Büren an der Aare,Deutsches Sprachgebiet
385,Diessbach bei Büren,Deutsches Sprachgebiet
386,Dotzigen,Deutsches Sprachgebiet
387,Lengnau (BE),Deutsches Sprachgebiet
388,Leuzigen,Deutsches Sprachgebiet
389,Meienried,Deutsches Sprachgebiet
390,Meinisberg,Deutsches Sprachgebiet
391,Oberwil bei Büren,Deutsches Sprachgebiet
392,Pieterlen,Deutsches Sprachgebiet
393,Rüti bei Büren,Deutsches Sprachgebiet
394,Wengi,Deutsches Sprachgebiet
401,Aefligen,Deutsches Sprachgebiet
402,Alchenstorf,Deutsches Sprachgebiet
403,Bäriswil,Deutsches Sprachgebiet
404,Burgdorf,Deutsches Sprachgebiet
405,Ersigen,Deutsches Sprachgebiet
406,Hasle bei Burgdorf,Deutsches Sprachgebiet
407,Heimiswil,Deutsches Sprachgebiet
408,Hellsau,Deutsches Sprachgebiet
409,Hindelbank,Deutsches Sprachgebiet
410,Höchstetten,Deutsches Sprachgebiet
411,Kernenried,Deutsches Sprachgebiet
412,Kirchberg (BE),Deutsches Sprachgebiet
413,Koppigen,Deutsches Sprachgebiet
414,Krauchthal,Deutsches Sprachgebiet
415,Lyssach,Deutsches Sprachgebiet
418,Oberburg,Deutsches Sprachgebiet
420,Rüdtligen-Alchenflüh,Deutsches Sprachgebiet
421,Rumendingen,Deutsches Sprachgebiet
422,Rüti bei Lyssach,Deutsches Sprachgebiet
423,Willadingen,Deutsches Sprachgebiet
424,Wynigen,Deutsches Sprachgebiet
431,Corgémont,Französisches Sprachgebiet
432,Cormoret,Französisches Sprachgebiet
433,Cortébert,Französisches Sprachgebiet
434,Courtelary,Französisches Sprachgebiet
435,La Ferrière,Französisches Sprachgebiet
437,Mont-Tramelan,Deutsches Sprachgebiet
438,Orvin,Französisches Sprachgebiet
441,Renan (BE),Französisches Sprachgebiet
442,Romont (BE),Französisches Sprachgebiet
443,Saint-Imier,Französisches Sprachgebiet
444,Sonceboz-Sombeval,Französisches Sprachgebiet
445,Sonvilier,Französisches Sprachgebiet
446,Tramelan,Französisches Sprachgebiet
448,Villeret,Französisches Sprachgebiet
449,Sauge,Französisches Sprachgebiet
450,Péry-La Heutte,Französisches Sprachgebiet
491,Brüttelen,Deutsches Sprachgebiet
492,Erlach,Deutsches Sprachgebiet
493,Finsterhennen,Deutsches Sprachgebiet
494,Gals,Deutsches Sprachgebiet
495,Gampelen,Deutsches Sprachgebiet
496,Ins,Deutsches Sprachgebiet
497,Lüscherz,Deutsches Sprachgebiet
498,Müntschemier,Deutsches Sprachgebiet
499,Siselen,Deutsches Sprachgebiet
500,Treiten,Deutsches Sprachgebiet
501,Tschugg,Deutsches Sprachgebiet
502,Vinelz,Deutsches Sprachgebiet
533,Bätterkinden,Deutsches Sprachgebiet
535,Deisswil bei Münchenbuchsee,Deutsches Sprachgebiet
536,Diemerswil,Deutsches Sprachgebiet
538,Fraubrunnen,Deutsches Sprachgebiet
540,Jegenstorf,Deutsches Sprachgebiet
541,Iffwil,Deutsches Sprachgebiet
543,Mattstetten,Deutsches Sprachgebiet
544,Moosseedorf,Deutsches Sprachgebiet
546,Münchenbuchsee,Deutsches Sprachgebiet
551,Urtenen-Schönbühl,Deutsches Sprachgebiet
552,Utzenstorf,Deutsches Sprachgebiet
553,Wiggiswil,Deutsches Sprachgebiet
554,Wiler bei Utzenstorf,Deutsches Sprachgebiet
556,Zielebach,Deutsches Sprachgebiet
557,Zuzwil (BE),Deutsches Sprachgebiet
561,Adelboden,Deutsches Sprachgebiet
562,Aeschi bei Spiez,Deutsches Sprachgebiet
563,Frutigen,Deutsches Sprachgebiet
564,Kandergrund,Deutsches Sprachgebiet
565,Kandersteg,Deutsches Sprachgebiet
566,Krattigen,Deutsches Sprachgebiet
567,Reichenbach im Kandertal,Deutsches Sprachgebiet
571,Beatenberg,Deutsches Sprachgebiet
572,Bönigen,Deutsches Sprachgebiet
573,Brienz (BE),Deutsches Sprachgebiet
574,Brienzwiler,Deutsches Sprachgebiet
575,Därligen,Deutsches Sprachgebiet
576,Grindelwald,Deutsches Sprachgebiet
577,Gsteigwiler,Deutsches Sprachgebiet
578,Gündlischwand,Deutsches Sprachgebiet
579,Habkern,Deutsches Sprachgebiet
580,Hofstetten bei Brienz,Deutsches Sprachgebiet
581,Interlaken,Deutsches Sprachgebiet
582,Iseltwald,Deutsches Sprachgebiet
584,Lauterbrunnen,Deutsches Sprachgebiet
585,Leissigen,Deutsches Sprachgebiet
586,Lütschental,Deutsches Sprachgebiet
587,Matten bei Interlaken,Deutsches Sprachgebiet
588,Niederried bei Interlaken,Deutsches Sprachgebiet
589,Oberried am Brienzersee,Deutsches Sprachgebiet
590,Ringgenberg (BE),Deutsches Sprachgebiet
591,Saxeten,Deutsches Sprachgebiet
592,Schwanden bei Brienz,Deutsches Sprachgebiet
593,Unterseen,Deutsches Sprachgebiet
594,Wilderswil,Deutsches Sprachgebiet
602,Arni (BE),Deutsches Sprachgebiet
603,Biglen,Deutsches Sprachgebiet
605,Bowil,Deutsches Sprachgebiet
606,Brenzikofen,Deutsches Sprachgebiet
607,Freimettigen,Deutsches Sprachgebiet
608,Grosshöchstetten,Deutsches Sprachgebiet
609,Häutligen,Deutsches Sprachgebiet
610,Herbligen,Deutsches Sprachgebiet
611,Kiesen,Deutsches Sprachgebiet
612,Konolfingen,Deutsches Sprachgebiet
613,Landiswil,Deutsches Sprachgebiet
614,Linden,Deutsches Sprachgebiet
615,Mirchel,Deutsches Sprachgebiet
616,Münsingen,Deutsches Sprachgebiet
617,Niederhünigen,Deutsches Sprachgebiet
619,Oberdiessbach,Deutsches Sprachgebiet
620,Oberthal,Deutsches Sprachgebiet
622,Oppligen,Deutsches Sprachgebiet
623,Rubigen,Deutsches Sprachgebiet
626,Walkringen,Deutsches Sprachgebiet
627,Worb,Deutsches Sprachgebiet
628,Zäziwil,Deutsches Sprachgebiet
629,Oberhünigen,Deutsches Sprachgebiet
630,Allmendingen,Deutsches Sprachgebiet
632,Wichtrach,Deutsches Sprachgebiet
662,Ferenbalm,Deutsches Sprachgebiet
663,Frauenkappelen,Deutsches Sprachgebiet
665,Gurbrü,Deutsches Sprachgebiet
666,Kriechenwil,Deutsches Sprachgebiet
667,Laupen,Deutsches Sprachgebiet
668,Mühleberg,Deutsches Sprachgebiet
669,Münchenwiler,Deutsches Sprachgebiet
670,Neuenegg,Deutsches Sprachgebiet
671,Wileroltigen,Deutsches Sprachgebiet
681,Belprahon,Französisches Sprachgebiet
683,Champoz,Französisches Sprachgebiet
687,Corcelles (BE),Französisches Sprachgebiet
690,Court,Französisches Sprachgebiet
691,Crémines,Französisches Sprachgebiet
692,Eschert,Französisches Sprachgebiet
694,Grandval,Französisches Sprachgebiet
696,Loveresse,Französisches Sprachgebiet
700,Moutier,Französisches Sprachgebiet
701,Perrefitte,Französisches Sprachgebiet
703,Reconvilier,Französisches Sprachgebiet
704,Roches (BE),Französisches Sprachgebiet
706,Saicourt,Französisches Sprachgebiet
707,Saules (BE),Französisches Sprachgebiet
708,Schelten,Deutsches Sprachgebiet
709,Seehof,Deutsches Sprachgebiet
711,Sorvilier,Französisches Sprachgebiet
713,Tavannes,Französisches Sprachgebiet
715,Rebévelier,Deutsches Sprachgebiet
716,Petit-Val,Französisches Sprachgebiet
717,Valbirse,Französisches Sprachgebiet
723,La Neuveville,Französisches Sprachgebiet
724,Nods,Französisches Sprachgebiet
726,Plateau de Diesse,Französisches Sprachgebiet
731,Aegerten,Deutsches Sprachgebiet
732,Bellmund,Deutsches Sprachgebiet
733,Brügg,Deutsches Sprachgebiet
734,Bühl,Deutsches Sprachgebiet
735,Epsach,Deutsches Sprachgebiet
736,Hagneck,Deutsches Sprachgebiet
737,Hermrigen,Deutsches Sprachgebiet
738,Jens,Deutsches Sprachgebiet
739,Ipsach,Deutsches Sprachgebiet
740,Ligerz,Deutsches Sprachgebiet
741,Merzligen,Deutsches Sprachgebiet
742,Mörigen,Deutsches Sprachgebiet
743,Nidau,Deutsches Sprachgebiet
744,Orpund,Deutsches Sprachgebiet
745,Port,Deutsches Sprachgebiet
746,Safnern,Deutsches Sprachgebiet
747,Scheuren,Deutsches Sprachgebiet
748,Schwadernau,Deutsches Sprachgebiet
749,Studen (BE),Deutsches Sprachgebiet
750,Sutz-Lattrigen,Deutsches Sprachgebiet
751,Täuffelen,Deutsches Sprachgebiet
754,Walperswil,Deutsches Sprachgebiet
755,Worben,Deutsches Sprachgebiet
756,Twann-Tüscherz,Deutsches Sprachgebiet
761,Därstetten,Deutsches Sprachgebiet
762,Diemtigen,Deutsches Sprachgebiet
763,Erlenbach im Simmental,Deutsches Sprachgebiet
766,Oberwil im Simmental,Deutsches Sprachgebiet
767,Reutigen,Deutsches Sprachgebiet
768,Spiez,Deutsches Sprachgebiet
769,Wimmis,Deutsches Sprachgebiet
770,Stocken-Höfen,Deutsches Sprachgebiet
782,Guttannen,Deutsches Sprachgebiet
783,Hasliberg,Deutsches Sprachgebiet
784,Innertkirchen,Deutsches Sprachgebiet
785,Meiringen,Deutsches Sprachgebiet
786,Schattenhalb,Deutsches Sprachgebiet
791,Boltigen,Deutsches Sprachgebiet
792,Lenk,Deutsches Sprachgebiet
793,St. Stephan,Deutsches Sprachgebiet
794,Zweisimmen,Deutsches Sprachgebiet
841,Gsteig,Deutsches Sprachgebiet
842,Lauenen,Deutsches Sprachgebiet
843,Saanen,Deutsches Sprachgebiet
852,Guggisberg,Deutsches Sprachgebiet
853,Rüschegg,Deutsches Sprachgebiet
855,Schwarzenburg,Deutsches Sprachgebiet
861,Belp,Deutsches Sprachgebiet
863,Burgistein,Deutsches Sprachgebiet
866,Gerzensee,Deutsches Sprachgebiet
867,Gurzelen,Deutsches Sprachgebiet
868,Jaberg,Deutsches Sprachgebiet
869,Kaufdorf,Deutsches Sprachgebiet
870,Kehrsatz,Deutsches Sprachgebiet
872,Kirchdorf (BE),Deutsches Sprachgebiet
877,Niedermuhlern,Deutsches Sprachgebiet
879,Riggisberg,Deutsches Sprachgebiet
880,Rüeggisberg,Deutsches Sprachgebiet
883,Seftigen,Deutsches Sprachgebiet
884,Toffen,Deutsches Sprachgebiet
885,Uttigen,Deutsches Sprachgebiet
886,Wattenwil,Deutsches Sprachgebiet
888,Wald (BE),Deutsches Sprachgebiet
889,Thurnen,Deutsches Sprachgebiet
901,Eggiwil,Deutsches Sprachgebiet
902,Langnau im Emmental,Deutsches Sprachgebiet
903,Lauperswil,Deutsches Sprachgebiet
904,Röthenbach im Emmental,Deutsches Sprachgebiet
905,Rüderswil,Deutsches Sprachgebiet
906,Schangnau,Deutsches Sprachgebiet
907,Signau,Deutsches Sprachgebiet
908,Trub,Deutsches Sprachgebiet
909,Trubschachen,Deutsches Sprachgebiet
921,Amsoldingen,Deutsches Sprachgebiet
922,Blumenstein,Deutsches Sprachgebiet
923,Buchholterberg,Deutsches Sprachgebiet
924,Eriz,Deutsches Sprachgebiet
925,Fahrni,Deutsches Sprachgebiet
927,Heiligenschwendi,Deutsches Sprachgebiet
928,Heimberg,Deutsches Sprachgebiet
929,Hilterfingen,Deutsches Sprachgebiet
931,Homberg,Deutsches Sprachgebiet
932,Horrenbach-Buchen,Deutsches Sprachgebiet
934,Oberhofen am Thunersee,Deutsches Sprachgebiet
935,Oberlangenegg,Deutsches Sprachgebiet
936,Pohlern,Deutsches Sprachgebiet
938,Sigriswil,Deutsches Sprachgebiet
939,Steffisburg,Deutsches Sprachgebiet
940,Teuffenthal (BE),Deutsches Sprachgebiet
941,Thierachern,Deutsches Sprachgebiet
942,Thun,Deutsches Sprachgebiet
943,Uebeschi,Deutsches Sprachgebiet
944,Uetendorf,Deutsches Sprachgebiet
945,Unterlangenegg,Deutsches Sprachgebiet
946,Wachseldorn,Deutsches Sprachgebiet
947,Zwieselberg,Deutsches Sprachgebiet
948,Forst-Längenbühl,Deutsches Sprachgebiet
951,Affoltern im Emmental,Deutsches Sprachgebiet
952,Dürrenroth,Deutsches Sprachgebiet
953,Eriswil,Deutsches Sprachgebiet
954,Huttwil,Deutsches Sprachgebiet
955,Lützelflüh,Deutsches Sprachgebiet
956,Rüegsau,Deutsches Sprachgebiet
957,Sumiswald,Deutsches Sprachgebiet
958,Trachselwald,Deutsches Sprachgebiet
959,Walterswil (BE),Deutsches Sprachgebiet
960,Wyssachen,Deutsches Sprachgebiet
971,Attiswil,Deutsches Sprachgebiet
972,Berken,Deutsches Sprachgebiet
973,Bettenhausen,Deutsches Sprachgebiet
975,Farnern,Deutsches Sprachgebiet
976,Graben,Deutsches Sprachgebiet
977,Heimenhausen,Deutsches Sprachgebiet
979,Herzogenbuchsee,Deutsches Sprachgebiet
980,Inkwil,Deutsches Sprachgebiet
981,Niederbipp,Deutsches Sprachgebiet
982,Niederönz,Deutsches Sprachgebiet
983,Oberbipp,Deutsches Sprachgebiet
985,Ochlenberg,Deutsches Sprachgebiet
987,Rumisberg,Deutsches Sprachgebiet
988,Seeberg,Deutsches Sprachgebiet
989,Thörigen,Deutsches Sprachgebiet
990,Walliswil bei Niederbipp,Deutsches Sprachgebiet
991,Walliswil bei Wangen,Deutsches Sprachgebiet
992,Wangen an der Aare,Deutsches Sprachgebiet
993,Wangenried,Deutsches Sprachgebiet
995,Wiedlisbach,Deutsches Sprachgebiet
1001,Doppleschwand,Deutsches Sprachgebiet
1002,Entlebuch,Deutsches Sprachgebiet
1004,Flühli,Deutsches Sprachgebiet
1005,Hasle (LU),Deutsches Sprachgebiet
1007,Romoos,Deutsches Sprachgebiet
1008,Schüpfheim,Deutsches Sprachgebiet
1009,Werthenstein,Deutsches Sprachgebiet
1010,Escholzmatt-Marbach,Deutsches Sprachgebiet
1021,Aesch (LU),Deutsches Sprachgebiet
1023,Ballwil,Deutsches Sprachgebiet
1024,Emmen,Deutsches Sprachgebiet
1025,Ermensee,Deutsches Sprachgebiet
1026,Eschenbach (LU),Deutsches Sprachgebiet
1030,Hitzkirch,Deutsches Sprachgebiet
1031,Hochdorf,Deutsches Sprachgebiet
1032,Hohenrain,Deutsches Sprachgebiet
1033,Inwil,Deutsches Sprachgebiet
1037,Rain,Deutsches Sprachgebiet
1039,Römerswil,Deutsches Sprachgebiet
1040,Rothenburg,Deutsches Sprachgebiet
1041,Schongau,Deutsches Sprachgebiet
1051,Adligenswil,Deutsches Sprachgebiet
1052,Buchrain,Deutsches Sprachgebiet
1053,Dierikon,Deutsches Sprachgebiet
1054,Ebikon,Deutsches Sprachgebiet
1055,Gisikon,Deutsches Sprachgebiet
1056,Greppen,Deutsches Sprachgebiet
1057,Honau,Deutsches Sprachgebiet
1058,Horw,Deutsches Sprachgebiet
1059,Kriens,Deutsches Sprachgebiet
1061,Luzern,Deutsches Sprachgebiet
1062,Malters,Deutsches Sprachgebiet
1063,Meggen,Deutsches Sprachgebiet
1064,Meierskappel,Deutsches Sprachgebiet
1065,Root,Deutsches Sprachgebiet
1066,Schwarzenberg,Deutsches Sprachgebiet
1067,Udligenswil,Deutsches Sprachgebiet
1068,Vitznau,Deutsches Sprachgebiet
1069,Weggis,Deutsches Sprachgebiet
1081,Beromünster,Deutsches Sprachgebiet
1082,Büron,Deutsches Sprachgebiet
1083,Buttisholz,Deutsches Sprachgebiet
1084,Eich,Deutsches Sprachgebiet
1085,Geuensee,Deutsches Sprachgebiet
1086,Grosswangen,Deutsches Sprachgebiet
1088,Hildisrieden,Deutsches Sprachgebiet
1089,Knutwil,Deutsches Sprachgebiet
1091,Mauensee,Deutsches Sprachgebiet
1093,Neuenkirch,Deutsches Sprachgebiet
1094,Nottwil,Deutsches Sprachgebiet
1095,Oberkirch,Deutsches Sprachgebiet
1097,Rickenbach (LU),Deutsches Sprachgebiet
1098,Ruswil,Deutsches Sprachgebiet
1099,Schenkon,Deutsches Sprachgebiet
1100,Schlierbach,Deutsches Sprachgebiet
1102,Sempach,Deutsches Sprachgebiet
1103,Sursee,Deutsches Sprachgebiet
1104,Triengen,Deutsches Sprachgebiet
1107,Wolhusen,Deutsches Sprachgebiet
1121,Alberswil,Deutsches Sprachgebiet
1122,Altbüron,Deutsches Sprachgebiet
1123,Altishofen,Deutsches Sprachgebiet
1125,Dagmersellen,Deutsches Sprachgebiet
1127,Egolzwil,Deutsches Sprachgebiet
1128,Ettiswil,Deutsches Sprachgebiet
1129,Fischbach,Deutsches Sprachgebiet
1131,Grossdietwil,Deutsches Sprachgebiet
1132,Hergiswil bei Willisau,Deutsches Sprachgebiet
1135,Luthern,Deutsches Sprachgebiet
1136,Menznau,Deutsches Sprachgebiet
1137,Nebikon,Deutsches Sprachgebiet
1139,Pfaffnau,Deutsches Sprachgebiet
1140,Reiden,Deutsches Sprachgebiet
1142,Roggliswil,Deutsches Sprachgebiet
1143,Schötz,Deutsches Sprachgebiet
1145,Ufhusen,Deutsches Sprachgebiet
1146,Wauwil,Deutsches Sprachgebiet
1147,Wikon,Deutsches Sprachgebiet
1150,Zell (LU),Deutsches Sprachgebiet
1151,Willisau,Deutsches Sprachgebiet
1201,Altdorf (UR),Deutsches Sprachgebiet
1202,Andermatt,Deutsches Sprachgebiet
1203,Attinghausen,Deutsches Sprachgebiet
1205,Bürglen (UR),Deutsches Sprachgebiet
1206,Erstfeld,Deutsches Sprachgebiet
1207,Flüelen,Deutsches Sprachgebiet
1208,Göschenen,Deutsches Sprachgebiet
1209,Gurtnellen,Deutsches Sprachgebiet
1210,Hospental,Deutsches Sprachgebiet
1211,Isenthal,Deutsches Sprachgebiet
1212,Realp,Deutsches Sprachgebiet
1213,Schattdorf,Deutsches Sprachgebiet
1214,Seedorf (UR),Deutsches Sprachgebiet
1215,Seelisberg,Deutsches Sprachgebiet
1216,Silenen,Deutsches Sprachgebiet
1217,Sisikon,Deutsches Sprachgebiet
1218,Spiringen,Deutsches Sprachgebiet
1219,Unterschächen,Deutsches Sprachgebiet
1220,Wassen,Deutsches Sprachgebiet
1301,Einsiedeln,Deutsches Sprachgebiet
1311,Gersau,Deutsches Sprachgebiet
1321,Feusisberg,Deutsches Sprachgebiet
1322,Freienbach,Deutsches Sprachgebiet
1323,Wollerau,Deutsches Sprachgebiet
1331,Küssnacht (SZ),Deutsches Sprachgebiet
1341,Altendorf,Deutsches Sprachgebiet
1342,Galgenen,Deutsches Sprachgebiet
1343,Innerthal,Deutsches Sprachgebiet
1344,Lachen,Deutsches Sprachgebiet
1345,Reichenburg,Deutsches Sprachgebiet
1346,Schübelbach,Deutsches Sprachgebiet
1347,Tuggen,Deutsches Sprachgebiet
1348,Vorderthal,Deutsches Sprachgebiet
1349,Wangen (SZ),Deutsches Sprachgebiet
1361,Alpthal,Deutsches Sprachgebiet
1362,Arth,Deutsches Sprachgebiet
1363,Illgau,Deutsches Sprachgebiet
1364,Ingenbohl,Deutsches Sprachgebiet
1365,Lauerz,Deutsches Sprachgebiet
1366,Morschach,Deutsches Sprachgebiet
1367,Muotathal,Deutsches Sprachgebiet
1368,Oberiberg,Deutsches Sprachgebiet
1369,Riemenstalden,Deutsches Sprachgebiet
1370,Rothenthurm,Deutsches Sprachgebiet
1371,Sattel,Deutsches Sprachgebiet
1372,Schwyz,Deutsches Sprachgebiet
1373,Steinen,Deutsches Sprachgebiet
1374,Steinerberg,Deutsches Sprachgebiet
1375,Unteriberg,Deutsches Sprachgebiet
1401,Alpnach,Deutsches Sprachgebiet
1402,Engelberg,Deutsches Sprachgebiet
1403,Giswil,Deutsches Sprachgebiet
1404,Kerns,Deutsches Sprachgebiet
1405,Lungern,Deutsches Sprachgebiet
1406,Sachseln,Deutsches Sprachgebiet
1407,Sarnen,Deutsches Sprachgebiet
1501,Beckenried,Deutsches Sprachgebiet
1502,Buochs,Deutsches Sprachgebiet
1503,Dallenwil,Deutsches Sprachgebiet
1504,Emmetten,Deutsches Sprachgebiet
1505,Ennetbürgen,Deutsches Sprachgebiet
1506,Ennetmoos,Deutsches Sprachgebiet
1507,Hergiswil (NW),Deutsches Sprachgebiet
1508,Oberdorf (NW),Deutsches Sprachgebiet
1509,Stans,Deutsches Sprachgebiet
1510,Stansstad,Deutsches Sprachgebiet
1511,Wolfenschiessen,Deutsches Sprachgebiet
1630,Glarus Nord,Deutsches Sprachgebiet
1631,Glarus Süd,Deutsches Sprachgebiet
1632,Glarus,Deutsches Sprachgebiet
1701,Baar,Deutsches Sprachgebiet
1702,Cham,Deutsches Sprachgebiet
1703,Hünenberg,Deutsches Sprachgebiet
1704,Menzingen,Deutsches Sprachgebiet
1705,Neuheim,Deutsches Sprachgebiet
1706,Oberägeri,Deutsches Sprachgebiet
1707,Risch,Deutsches Sprachgebiet
1708,Steinhausen,Deutsches Sprachgebiet
1709,Unterägeri,Deutsches Sprachgebiet
1710,Walchwil,Deutsches Sprachgebiet
1711,Zug,Deutsches Sprachgebiet
2008,Châtillon (FR),Französisches Sprachgebiet
2011,Cugy (FR),Französisches Sprachgebiet
2016,Fétigny,Französisches Sprachgebiet
2022,Gletterens,Französisches Sprachgebiet
2025,Lully (FR),Französisches Sprachgebiet
2027,Ménières,Französisches Sprachgebiet
2029,Montagny (FR),Französisches Sprachgebiet
2035,Nuvilly,Französisches Sprachgebiet
2038,Prévondavaux,Französisches Sprachgebiet
2041,Saint-Aubin (FR),Französisches Sprachgebiet
2043,Sévaz,Französisches Sprachgebiet
2044,Surpierre,Französisches Sprachgebiet
2045,Vallon,Französisches Sprachgebiet
2050,Les Montets,Französisches Sprachgebiet
2051,Delley-Portalban,Französisches Sprachgebiet
2053,Belmont-Broye,Französisches Sprachgebiet
2054,Estavayer,Französisches Sprachgebiet
2055,Cheyres-Châbles,Französisches Sprachgebiet
2061,Auboranges,Französisches Sprachgebiet
2063,Billens-Hennens,Französisches Sprachgebiet
2066,Chapelle (Glâne),Französisches Sprachgebiet
2067,Le Châtelard,Französisches Sprachgebiet
2068,Châtonnaye,Französisches Sprachgebiet
2072,Ecublens (FR),Französisches Sprachgebiet
2079,Grangettes,Französisches Sprachgebiet
2086,Massonnens,Französisches Sprachgebiet
2087,Mézières (FR),Französisches Sprachgebiet
2089,Montet (Glâne),Französisches Sprachgebiet
2096,Romont (FR),Französisches Sprachgebiet
2097,Rue,Französisches Sprachgebiet
2099,Siviriez,Französisches Sprachgebiet
2102,Ursy,Französisches Sprachgebiet
2113,Vuisternens-devant-Romont,Französisches Sprachgebiet
2114,Villorsonnens,Französisches Sprachgebiet
2115,Torny,Französisches Sprachgebiet
2117,Villaz,Französisches Sprachgebiet
2121,Haut-Intyamon,Französisches Sprachgebiet
2122,Pont-en-Ogoz,Französisches Sprachgebiet
2123,Botterens,Französisches Sprachgebiet
2124,Broc,Französisches Sprachgebiet
2125,Bulle,Französisches Sprachgebiet
2128,Châtel-sur-Montsalvens,Französisches Sprachgebiet
2129,Corbières,Französisches Sprachgebiet
2130,Crésuz,Französisches Sprachgebiet
2131,Echarlens,Französisches Sprachgebiet
2134,Grandvillard,Französisches Sprachgebiet
2135,Gruyères,Französisches Sprachgebiet
2137,Hauteville,Französisches Sprachgebiet
2138,Jaun,Deutsches Sprachgebiet
2140,Marsens,Französisches Sprachgebiet
2143,Morlon,Französisches Sprachgebiet
2145,Le Pâquier (FR),Französisches Sprachgebiet
2147,Pont-la-Ville,Französisches Sprachgebiet
2148,Riaz,Französisches Sprachgebiet
2149,La Roche,Französisches Sprachgebiet
2152,Sâles,Französisches Sprachgebiet
2153,Sorens,Französisches Sprachgebiet
2155,Vaulruz,Französisches Sprachgebiet
2160,Vuadens,Französisches Sprachgebiet
2162,Bas-Intyamon,Französisches Sprachgebiet
2163,Val-de-Charmey,Französisches Sprachgebiet
2173,Autigny,Französisches Sprachgebiet
2174,Avry,Französisches Sprachgebiet
2175,Belfaux,Französisches Sprachgebiet
2177,Chénens,Französisches Sprachgebiet
2183,Corminboeuf,Französisches Sprachgebiet
2186,Cottens (FR),Französisches Sprachgebiet
2194,Ferpicloz,Französisches Sprachgebiet
2196,Fribourg,Französisches Sprachgebiet
2197,Givisiez,Französisches Sprachgebiet
2198,Granges-Paccot,Französisches Sprachgebiet
2200,Grolley,Französisches Sprachgebiet
2206,Marly,Französisches Sprachgebiet
2208,Matran,Französisches Sprachgebiet
2211,Neyruz (FR),Französisches Sprachgebiet
2216,Pierrafortscha,Französisches Sprachgebiet
2217,Ponthaux,Französisches Sprachgebiet
2220,Le Mouret,Französisches Sprachgebiet
2226,Treyvaux,Französisches Sprachgebiet
2228,Villars-sur-Glâne,Französisches Sprachgebiet
2230,Villarsel-sur-Marly,Französisches Sprachgebiet
2233,Hauterive (FR),Französisches Sprachgebiet
2234,La Brillaz,Französisches Sprachgebiet
2235,La Sonnaz,Französisches Sprachgebiet
2236,Gibloux,Französisches Sprachgebiet
2237,Prez,Französisches Sprachgebiet
2238,Bois-d’Amont,Französisches Sprachgebiet
2250,Courgevaux,Deutsches Sprachgebiet
2254,Courtepin,Französisches Sprachgebiet
2257,Cressier (FR),Französisches Sprachgebiet
2258,Fräschels,Deutsches Sprachgebiet
2261,Greng,Deutsches Sprachgebiet
2262,Gurmels,Deutsches Sprachgebiet
2265,Kerzers,Deutsches Sprachgebiet
2266,Kleinbösingen,Deutsches Sprachgebiet
2271,Meyriez,Deutsches Sprachgebiet
2272,Misery-Courtion,Französisches Sprachgebiet
2274,Muntelier,Deutsches Sprachgebiet
2275,Murten,Deutsches Sprachgebiet
2276,Ried bei Kerzers,Deutsches Sprachgebiet
2278,Ulmiz,Deutsches Sprachgebiet
2284,Mont-Vully,Französisches Sprachgebiet
2292,Brünisried,Deutsches Sprachgebiet
2293,Düdingen,Deutsches Sprachgebiet
2294,Giffers,Deutsches Sprachgebiet
2295,Bösingen,Deutsches Sprachgebiet
2296,Heitenried,Deutsches Sprachgebiet
2299,Plaffeien,Deutsches Sprachgebiet
2300,Plasselb,Deutsches Sprachgebiet
2301,Rechthalten,Deutsches Sprachgebiet
2303,St. Silvester,Deutsches Sprachgebiet
2304,St. Ursen,Deutsches Sprachgebiet
2305,Schmitten (FR),Deutsches Sprachgebiet
2306,Tafers,Deutsches Sprachgebiet
2307,Tentlingen,Deutsches Sprachgebiet
2308,Ueberstorf,Deutsches Sprachgebiet
2309,Wünnewil-Flamatt,Deutsches Sprachgebiet
2321,Attalens,Französisches Sprachgebiet
2323,Bossonnens,Französisches Sprachgebiet
2325,Châtel-Saint-Denis,Französisches Sprachgebiet
2328,Granges (Veveyse),Französisches Sprachgebiet
2333,Remaufens,Französisches Sprachgebiet
2335,Saint-Martin (FR),Französisches Sprachgebiet
2336,Semsales,Französisches Sprachgebiet
2337,Le Flon,Französisches Sprachgebiet
2338,La Verrerie,Französisches Sprachgebiet
2401,Egerkingen,Deutsches Sprachgebiet
2402,Härkingen,Deutsches Sprachgebiet
2403,Kestenholz,Deutsches Sprachgebiet
2404,Neuendorf,Deutsches Sprachgebiet
2405,Niederbuchsiten,Deutsches Sprachgebiet
2406,Oberbuchsiten,Deutsches Sprachgebiet
2407,Oensingen,Deutsches Sprachgebiet
2408,Wolfwil,Deutsches Sprachgebiet
2421,Aedermannsdorf,Deutsches Sprachgebiet
2422,Balsthal,Deutsches Sprachgebiet
2424,Herbetswil,Deutsches Sprachgebiet
2425,Holderbank (SO),Deutsches Sprachgebiet
2426,Laupersdorf,Deutsches Sprachgebiet
2427,Matzendorf,Deutsches Sprachgebiet
2428,Mümliswil-Ramiswil,Deutsches Sprachgebiet
2430,Welschenrohr-Gänsbrunnen,Deutsches Sprachgebiet
2445,Biezwil,Deutsches Sprachgebiet
2455,Lüterkofen-Ichertswil,Deutsches Sprachgebiet
2456,Lüterswil-Gächliwil,Deutsches Sprachgebiet
2457,Messen,Deutsches Sprachgebiet
2461,Schnottwil,Deutsches Sprachgebiet
2463,Unterramsern,Deutsches Sprachgebiet
2464,Lüsslingen-Nennigkofen,Deutsches Sprachgebiet
2465,Buchegg,Deutsches Sprachgebiet
2471,Bättwil,Deutsches Sprachgebiet
2472,Büren (SO),Deutsches Sprachgebiet
2473,Dornach,Deutsches Sprachgebiet
2474,Gempen,Deutsches Sprachgebiet
2475,Hochwald,Deutsches Sprachgebiet
2476,Hofstetten-Flüh,Deutsches Sprachgebiet
2477,Metzerlen-Mariastein,Deutsches Sprachgebiet
2478,Nuglar-St. Pantaleon,Deutsches Sprachgebiet
2479,Rodersdorf,Deutsches Sprachgebiet
2480,Seewen,Deutsches Sprachgebiet
2481,Witterswil,Deutsches Sprachgebiet
2491,Hauenstein-Ifenthal,Deutsches Sprachgebiet
2492,Kienberg,Deutsches Sprachgebiet
2493,Lostorf,Deutsches Sprachgebiet
2495,Niedergösgen,Deutsches Sprachgebiet
2497,Obergösgen,Deutsches Sprachgebiet
2499,Stüsslingen,Deutsches Sprachgebiet
2500,Trimbach,Deutsches Sprachgebiet
2501,Winznau,Deutsches Sprachgebiet
2502,Wisen (SO),Deutsches Sprachgebiet
2503,Erlinsbach (SO),Deutsches Sprachgebiet
2511,Aeschi (SO),Deutsches Sprachgebiet
2513,Biberist,Deutsches Sprachgebiet
2514,Bolken,Deutsches Sprachgebiet
2516,Deitingen,Deutsches Sprachgebiet
2517,Derendingen,Deutsches Sprachgebiet
2518,Etziken,Deutsches Sprachgebiet
2519,Gerlafingen,Deutsches Sprachgebiet
2520,Halten,Deutsches Sprachgebiet
2523,Horriwil,Deutsches Sprachgebiet
2524,Hüniken,Deutsches Sprachgebiet
2525,Kriegstetten,Deutsches Sprachgebiet
2526,Lohn-Ammannsegg,Deutsches Sprachgebiet
2527,Luterbach,Deutsches Sprachgebiet
2528,Obergerlafingen,Deutsches Sprachgebiet
2529,Oekingen,Deutsches Sprachgebiet
2530,Recherswil,Deutsches Sprachgebiet
2532,Subingen,Deutsches Sprachgebiet
2534,Zuchwil,Deutsches Sprachgebiet
2535,Drei Höfe,Deutsches Sprachgebiet
2541,Balm bei Günsberg,Deutsches Sprachgebiet
2542,Bellach,Deutsches Sprachgebiet
2543,Bettlach,Deutsches Sprachgebiet
2544,Feldbrunnen-St. Niklaus,Deutsches Sprachgebiet
2545,Flumenthal,Deutsches Sprachgebiet
2546,Grenchen,Deutsches Sprachgebiet
2547,Günsberg,Deutsches Sprachgebiet
2548,Hubersdorf,Deutsches Sprachgebiet
2549,Kammersrohr,Deutsches Sprachgebiet
2550,Langendorf,Deutsches Sprachgebiet
2551,Lommiswil,Deutsches Sprachgebiet
2553,Oberdorf (SO),Deutsches Sprachgebiet
2554,Riedholz,Deutsches Sprachgebiet
2555,Rüttenen,Deutsches Sprachgebiet
2556,Selzach,Deutsches Sprachgebiet
2571,Boningen,Deutsches Sprachgebiet
2572,Däniken,Deutsches Sprachgebiet
2573,Dulliken,Deutsches Sprachgebiet
2574,Eppenberg-Wöschnau,Deutsches Sprachgebiet
2575,Fulenbach,Deutsches Sprachgebiet
2576,Gretzenbach,Deutsches Sprachgebiet
2578,Gunzgen,Deutsches Sprachgebiet
2579,Hägendorf,Deutsches Sprachgebiet
2580,Kappel (SO),Deutsches Sprachgebiet
2581,Olten,Deutsches Sprachgebiet
2582,Rickenbach (SO),Deutsches Sprachgebiet
2583,Schönenwerd,Deutsches Sprachgebiet
2584,Starrkirch-Wil,Deutsches Sprachgebiet
2585,Walterswil (SO),Deutsches Sprachgebiet
2586,Wangen bei Olten,Deutsches Sprachgebiet
2601,Solothurn,Deutsches Sprachgebiet
2611,Bärschwil,Deutsches Sprachgebiet
2612,Beinwil (SO),Deutsches Sprachgebiet
2613,Breitenbach,Deutsches Sprachgebiet
2614,Büsserach,Deutsches Sprachgebiet
2615,Erschwil,Deutsches Sprachgebiet
2616,Fehren,Deutsches Sprachgebiet
2617,Grindel,Deutsches Sprachgebiet
2618,Himmelried,Deutsches Sprachgebiet
2619,Kleinlützel,Deutsches Sprachgebiet
2620,Meltingen,Deutsches Sprachgebiet
2621,Nunningen,Deutsches Sprachgebiet
2622,Zullwil,Deutsches Sprachgebiet
2701,Basel,Deutsches Sprachgebiet
2702,Bettingen,Deutsches Sprachgebiet
2703,Riehen,Deutsches Sprachgebiet
2761,Aesch (BL),Deutsches Sprachgebiet
2762,Allschwil,Deutsches Sprachgebiet
2763,Arlesheim,Deutsches Sprachgebiet
2764,Biel-Benken,Deutsches Sprachgebiet
2765,Binningen,Deutsches Sprachgebiet
2766,Birsfelden,Deutsches Sprachgebiet
2767,Bottmingen,Deutsches Sprachgebiet
2768,Ettingen,Deutsches Sprachgebiet
2769,Münchenstein,Deutsches Sprachgebiet
2770,Muttenz,Deutsches Sprachgebiet
2771,Oberwil (BL),Deutsches Sprachgebiet
2772,Pfeffingen,Deutsches Sprachgebiet
2773,Reinach (BL),Deutsches Sprachgebiet
2774,Schönenbuch,Deutsches Sprachgebiet
2775,Therwil,Deutsches Sprachgebiet
2781,Blauen,Deutsches Sprachgebiet
2782,Brislach,Deutsches Sprachgebiet
2783,Burg im Leimental,Deutsches Sprachgebiet
2784,Dittingen,Deutsches Sprachgebiet
2785,Duggingen,Deutsches Sprachgebiet
2786,Grellingen,Deutsches Sprachgebiet
2787,Laufen,Deutsches Sprachgebiet
2788,Liesberg,Deutsches Sprachgebiet
2789,Nenzlingen,Deutsches Sprachgebiet
2790,Roggenburg,Deutsches Sprachgebiet
2791,Röschenz,Deutsches Sprachgebiet
2792,Wahlen,Deutsches Sprachgebiet
2793,Zwingen,Deutsches Sprachgebiet
2821,Arisdorf,Deutsches Sprachgebiet
2822,Augst,Deutsches Sprachgebiet
2823,Bubendorf,Deutsches Sprachgebiet
2824,Frenkendorf,Deutsches Sprachgebiet
2825,Füllinsdorf,Deutsches Sprachgebiet
2826,Giebenach,Deutsches Sprachgebiet
2827,Hersberg,Deutsches Sprachgebiet
2828,Lausen,Deutsches Sprachgebiet
2829,Liestal,Deutsches Sprachgebiet
2830,Lupsingen,Deutsches Sprachgebiet
2831,Pratteln,Deutsches Sprachgebiet
2832,Ramlinsburg,Deutsches Sprachgebiet
2833,Seltisberg,Deutsches Sprachgebiet
2834,Ziefen,Deutsches Sprachgebiet
2841,Anwil,Deutsches Sprachgebiet
2842,Böckten,Deutsches Sprachgebiet
2843,Buckten,Deutsches Sprachgebiet
2844,Buus,Deutsches Sprachgebiet
2845,Diepflingen,Deutsches Sprachgebiet
2846,Gelterkinden,Deutsches Sprachgebiet
2847,Häfelfingen,Deutsches Sprachgebiet
2848,Hemmiken,Deutsches Sprachgebiet
2849,Itingen,Deutsches Sprachgebiet
2850,Känerkinden,Deutsches Sprachgebiet
2851,Kilchberg (BL),Deutsches Sprachgebiet
2852,Läufelfingen,Deutsches Sprachgebiet
2853,Maisprach,Deutsches Sprachgebiet
2854,Nusshof,Deutsches Sprachgebiet
2855,Oltingen,Deutsches Sprachgebiet
2856,Ormalingen,Deutsches Sprachgebiet
2857,Rickenbach (BL),Deutsches Sprachgebiet
2858,Rothenfluh,Deutsches Sprachgebiet
2859,Rümlingen,Deutsches Sprachgebiet
2860,Rünenberg,Deutsches Sprachgebiet
2861,Sissach,Deutsches Sprachgebiet
2862,Tecknau,Deutsches Sprachgebiet
2863,Tenniken,Deutsches Sprachgebiet
2864,Thürnen,Deutsches Sprachgebiet
2865,Wenslingen,Deutsches Sprachgebiet
2866,Wintersingen,Deutsches Sprachgebiet
2867,Wittinsburg,Deutsches Sprachgebiet
2868,Zeglingen,Deutsches Sprachgebiet
2869,Zunzgen,Deutsches Sprachgebiet
2881,Arboldswil,Deutsches Sprachgebiet
2882,Bennwil,Deutsches Sprachgebiet
2883,Bretzwil,Deutsches Sprachgebiet
2884,Diegten,Deutsches Sprachgebiet
2885,Eptingen,Deutsches Sprachgebiet
2886,Hölstein,Deutsches Sprachgebiet
2887,Lampenberg,Deutsches Sprachgebiet
2888,Langenbruck,Deutsches Sprachgebiet
2889,Lauwil,Deutsches Sprachgebiet
2890,Liedertswil,Deutsches Sprachgebiet
2891,Niederdorf,Deutsches Sprachgebiet
2892,Oberdorf (BL),Deutsches Sprachgebiet
2893,Reigoldswil,Deutsches Sprachgebiet
2894,Titterten,Deutsches Sprachgebiet
2895,Waldenburg,Deutsches Sprachgebiet
2901,Gächlingen,Deutsches Sprachgebiet
2903,Löhningen,Deutsches Sprachgebiet
2904,Neunkirch,Deutsches Sprachgebiet
2914,Büttenhardt,Deutsches Sprachgebiet
2915,Dörflingen,Deutsches Sprachgebiet
2917,Lohn (SH),Deutsches Sprachgebiet
2919,Stetten (SH),Deutsches Sprachgebiet
2920,Thayngen,Deutsches Sprachgebiet
2931,Bargen (SH),Deutsches Sprachgebiet
2932,Beringen,Deutsches Sprachgebiet
2933,Buchberg,Deutsches Sprachgebiet
2936,Merishausen,Deutsches Sprachgebiet
2937,Neuhausen am Rheinfall,Deutsches Sprachgebiet
2938,Rüdlingen,Deutsches Sprachgebiet
2939,Schaffhausen,Deutsches Sprachgebiet
2951,Beggingen,Deutsches Sprachgebiet
2952,Schleitheim,Deutsches Sprachgebiet
2953,Siblingen,Deutsches Sprachgebiet
2961,Buch (SH),Deutsches Sprachgebiet
2962,Hemishofen,Deutsches Sprachgebiet
2963,Ramsen,Deutsches Sprachgebiet
2964,Stein am Rhein,Deutsches Sprachgebiet
2971,Hallau,Deutsches Sprachgebiet
2972,Oberhallau,Deutsches Sprachgebiet
2973,Trasadingen,Deutsches Sprachgebiet
2974,Wilchingen,Deutsches Sprachgebiet
3001,Herisau,Deutsches Sprachgebiet
3002,Hundwil,Deutsches Sprachgebiet
3003,Schönengrund,Deutsches Sprachgebiet
3004,Schwellbrunn,Deutsches Sprachgebiet
3005,Stein (AR),Deutsches Sprachgebiet
3006,Urnäsch,Deutsches Sprachgebiet
3007,Waldstatt,Deutsches Sprachgebiet
3021,Bühler,Deutsches Sprachgebiet
3022,Gais,Deutsches Sprachgebiet
3023,Speicher,Deutsches Sprachgebiet
3024,Teufen (AR),Deutsches Sprachgebiet
3025,Trogen,Deutsches Sprachgebiet
3031,Grub (AR),Deutsches Sprachgebiet
3032,Heiden,Deutsches Sprachgebiet
3033,Lutzenberg,Deutsches Sprachgebiet
3034,Rehetobel,Deutsches Sprachgebiet
3035,Reute (AR),Deutsches Sprachgebiet
3036,Wald (AR),Deutsches Sprachgebiet
3037,Walzenhausen,Deutsches Sprachgebiet
3038,Wolfhalden,Deutsches Sprachgebiet
3101,Appenzell,Deutsches Sprachgebiet
3102,Gonten,Deutsches Sprachgebiet
3104,Schlatt-Haslen,Deutsches Sprachgebiet
3111,Oberegg,Deutsches Sprachgebiet
3112,Schwende-Rüte,Deutsches Sprachgebiet
3201,Häggenschwil,Deutsches Sprachgebiet
3202,Muolen,Deutsches Sprachgebiet
3203,St. Gallen,Deutsches Sprachgebiet
3204,Wittenbach,Deutsches Sprachgebiet
3211,Berg (SG),Deutsches Sprachgebiet
3212,Eggersriet,Deutsches Sprachgebiet
3213,Goldach,Deutsches Sprachgebiet
3214,Mörschwil,Deutsches Sprachgebiet
3215,Rorschach,Deutsches Sprachgebiet
3216,Rorschacherberg,Deutsches Sprachgebiet
3217,Steinach,Deutsches Sprachgebiet
3218,Tübach,Deutsches Sprachgebiet
3219,Untereggen,Deutsches Sprachgebiet
3231,Au (SG),Deutsches Sprachgebiet
3232,Balgach,Deutsches Sprachgebiet
3233,Berneck,Deutsches Sprachgebiet
3234,Diepoldsau,Deutsches Sprachgebiet
3235,Rheineck,Deutsches Sprachgebiet
3236,St. Margrethen,Deutsches Sprachgebiet
3237,Thal,Deutsches Sprachgebiet
3238,Widnau,Deutsches Sprachgebiet
3251,Altstätten,Deutsches Sprachgebiet
3252,Eichberg,Deutsches Sprachgebiet
3253,Marbach (SG),Deutsches Sprachgebiet
3254,Oberriet (SG),Deutsches Sprachgebiet
3255,Rebstein,Deutsches Sprachgebiet
3256,Rüthi (SG),Deutsches Sprachgebiet
3271,Buchs (SG),Deutsches Sprachgebiet
3272,Gams,Deutsches Sprachgebiet
3273,Grabs,Deutsches Sprachgebiet
3274,Sennwald,Deutsches Sprachgebiet
3275,Sevelen,Deutsches Sprachgebiet
3276,Wartau,Deutsches Sprachgebiet
3291,Bad Ragaz,Deutsches Sprachgebiet
3292,Flums,Deutsches Sprachgebiet
3293,Mels,Deutsches Sprachgebiet
3294,Pfäfers,Deutsches Sprachgebiet
3295,Quarten,Deutsches Sprachgebiet
3296,Sargans,Deutsches Sprachgebiet
3297,Vilters-Wangs,Deutsches Sprachgebiet
3298,Walenstadt,Deutsches Sprachgebiet
3311,Amden,Deutsches Sprachgebiet
3312,Benken (SG),Deutsches Sprachgebiet
3313,Kaltbrunn,Deutsches Sprachgebiet
3315,Schänis,Deutsches Sprachgebiet
3316,Weesen,Deutsches Sprachgebiet
3338,Schmerikon,Deutsches Sprachgebiet
3339,Uznach,Deutsches Sprachgebiet
3340,Rapperswil-Jona,Deutsches Sprachgebiet
3341,Gommiswald,Deutsches Sprachgebiet
3342,Eschenbach (SG),Deutsches Sprachgebiet
3352,Ebnat-Kappel,Deutsches Sprachgebiet
3359,Wildhaus-Alt St. Johann,Deutsches Sprachgebiet
3360,Nesslau,Deutsches Sprachgebiet
3372,Hemberg,Deutsches Sprachgebiet
3374,Lichtensteig,Deutsches Sprachgebiet
3375,Oberhelfenschwil,Deutsches Sprachgebiet
3378,Neckertal,Deutsches Sprachgebiet
3379,Wattwil,Deutsches Sprachgebiet
3392,Kirchberg (SG),Deutsches Sprachgebiet
3393,Lütisburg,Deutsches Sprachgebiet
3394,Mosnang,Deutsches Sprachgebiet
3395,Bütschwil-Ganterschwil,Deutsches Sprachgebiet
3401,Degersheim,Deutsches Sprachgebiet
3402,Flawil,Deutsches Sprachgebiet
3405,Jonschwil,Deutsches Sprachgebiet
3407,Oberuzwil,Deutsches Sprachgebiet
3408,Uzwil,Deutsches Sprachgebiet
3422,Niederbüren,Deutsches Sprachgebiet
3423,Niederhelfenschwil,Deutsches Sprachgebiet
3424,Oberbüren,Deutsches Sprachgebiet
3426,Zuzwil (SG),Deutsches Sprachgebiet
3427,Wil (SG),Deutsches Sprachgebiet
3441,Andwil (SG),Deutsches Sprachgebiet
3442,Gaiserwald,Deutsches Sprachgebiet
3443,Gossau (SG),Deutsches Sprachgebiet
3444,Waldkirch,Deutsches Sprachgebiet
3506,Vaz/Obervaz,Deutsches Sprachgebiet
3513,Lantsch/Lenz,Deutsches Sprachgebiet
3514,Schmitten (GR),Deutsches Sprachgebiet
3542,Albula/Alvra,Deutsches Sprachgebiet
3543,Surses,Deutsches Sprachgebiet
3544,Bergün Filisur,Deutsches Sprachgebiet
3551,Brusio,Italienisches Sprachgebiet
3561,Poschiavo,Italienisches Sprachgebiet
3572,Falera,Rätoromanisches Sprachgebiet
3575,Laax,Deutsches Sprachgebiet
3581,Sagogn,Rätoromanisches Sprachgebiet
3582,Schluein,Rätoromanisches Sprachgebiet
3603,Vals,Deutsches Sprachgebiet
3618,Lumnezia,Rätoromanisches Sprachgebiet
3619,Ilanz/Glion,Deutsches Sprachgebiet
3633,Fürstenau,Deutsches Sprachgebiet
3637,Rothenbrunnen,Deutsches Sprachgebiet
3638,Scharans,Deutsches Sprachgebiet
3640,Sils im Domleschg,Deutsches Sprachgebiet
3661,Cazis,Deutsches Sprachgebiet
3662,Flerden,Deutsches Sprachgebiet
3663,Masein,Deutsches Sprachgebiet
3668,Thusis,Deutsches Sprachgebiet
3669,Tschappina,Deutsches Sprachgebiet
3670,Urmein,Deutsches Sprachgebiet
3672,Safiental,Deutsches Sprachgebiet
3673,Domleschg,Deutsches Sprachgebiet
3681,Avers,Deutsches Sprachgebiet
3695,Sufers,Deutsches Sprachgebiet
3701,Andeer,Deutsches Sprachgebiet
3711,Rongellen,Deutsches Sprachgebiet
3712,Zillis-Reischen,Deutsches Sprachgebiet
3713,Ferrera,Deutsches Sprachgebiet
3714,Rheinwald,Deutsches Sprachgebiet
3715,Muntogna da Schons,Deutsches Sprachgebiet
3721,Bonaduz,Deutsches Sprachgebiet
3722,Domat/Ems,Deutsches Sprachgebiet
3723,Rhäzüns,Deutsches Sprachgebiet
3731,Felsberg,Deutsches Sprachgebiet
3732,Flims,Deutsches Sprachgebiet
3733,Tamins,Deutsches Sprachgebiet
3734,Trin,Deutsches Sprachgebiet
3746,Zernez,Rätoromanisches Sprachgebiet
3752,Samnaun,Deutsches Sprachgebiet
3762,Scuol,Rätoromanisches Sprachgebiet
3764,Valsot,Rätoromanisches Sprachgebiet
3781,Bever,Deutsches Sprachgebiet
3782,Celerina/Schlarigna,Deutsches Sprachgebiet
3783,Madulain,Deutsches Sprachgebiet
3784,Pontresina,Deutsches Sprachgebiet
3785,La Punt Chamues-ch,Deutsches Sprachgebiet
3786,Samedan,Deutsches Sprachgebiet
3787,St. Moritz,Deutsches Sprachgebiet
3788,S-chanf,Rätoromanisches Sprachgebiet
3789,Sils im Engadin/Segl,Deutsches Sprachgebiet
3790,Silvaplana,Deutsches Sprachgebiet
3791,Zuoz,Deutsches Sprachgebiet
3792,Bregaglia,Italienisches Sprachgebiet
3804,Buseno,Italienisches Sprachgebiet
3805,Castaneda,Italienisches Sprachgebiet
3808,Rossa,Italienisches Sprachgebiet
3810,Santa Maria in Calanca,Italienisches Sprachgebiet
3821,Lostallo,Italienisches Sprachgebiet
3822,Mesocco,Italienisches Sprachgebiet
3823,Soazza,Italienisches Sprachgebiet
3831,Cama,Italienisches Sprachgebiet
3832,Grono,Italienisches Sprachgebiet
3834,Roveredo (GR),Italienisches Sprachgebiet
3835,San Vittore,Italienisches Sprachgebiet
3837,Calanca,Italienisches Sprachgebiet
3847,Val Müstair,Rätoromanisches Sprachgebiet
3851,Davos,Deutsches Sprachgebiet
3861,Fideris,Deutsches Sprachgebiet
3862,Furna,Deutsches Sprachgebiet
3863,Jenaz,Deutsches Sprachgebiet
3871,Klosters,Deutsches Sprachgebiet
3881,Conters im Prättigau,Deutsches Sprachgebiet
3882,Küblis,Deutsches Sprachgebiet
3891,Luzein,Deutsches Sprachgebiet
3901,Chur,Deutsches Sprachgebiet
3911,Churwalden,Deutsches Sprachgebiet
3921,Arosa,Deutsches Sprachgebiet
3932,Tschiertschen-Praden,Deutsches Sprachgebiet
3945,Trimmis,Deutsches Sprachgebiet
3946,Untervaz,Deutsches Sprachgebiet
3947,Zizers,Deutsches Sprachgebiet
3951,Fläsch,Deutsches Sprachgebiet
3952,Jenins,Deutsches Sprachgebiet
3953,Maienfeld,Deutsches Sprachgebiet
3954,Malans,Deutsches Sprachgebiet
3955,Landquart,Deutsches Sprachgebiet
3961,Grüsch,Deutsches Sprachgebiet
3962,Schiers,Deutsches Sprachgebiet
3972,Seewis im Prättigau,Deutsches Sprachgebiet
3981,Breil/Brigels,Rätoromanisches Sprachgebiet
3982,Disentis/Mustér,Rätoromanisches Sprachgebiet
3983,Medel (Lucmagn),Rätoromanisches Sprachgebiet
3985,Sumvitg,Rätoromanisches Sprachgebiet
3986,Tujetsch,Rätoromanisches Sprachgebiet
3987,Trun,Rätoromanisches Sprachgebiet
3988,Obersa Mundaun,Deutsches Sprachgebiet
4001,Aarau,Deutsches Sprachgebiet
4002,Biberstein,Deutsches Sprachgebiet
4003,Buchs (AG),Deutsches Sprachgebiet
4004,Densbüren,Deutsches Sprachgebiet
4005,Erlinsbach (AG),Deutsches Sprachgebiet
4006,Gränichen,Deutsches Sprachgebiet
4007,Hirschthal,Deutsches Sprachgebiet
4008,Küttigen,Deutsches Sprachgebiet
4009,Muhen,Deutsches Sprachgebiet
4010,Oberentfelden,Deutsches Sprachgebiet
4012,Suhr,Deutsches Sprachgebiet
4013,Unterentfelden,Deutsches Sprachgebiet
4021,Baden,Deutsches Sprachgebiet
4022,Bellikon,Deutsches Sprachgebiet
4023,Bergdietikon,Deutsches Sprachgebiet
4024,Birmenstorf (AG),Deutsches Sprachgebiet
4026,Ennetbaden,Deutsches Sprachgebiet
4027,Fislisbach,Deutsches Sprachgebiet
4028,Freienwil,Deutsches Sprachgebiet
4029,Gebenstorf,Deutsches Sprachgebiet
4030,Killwangen,Deutsches Sprachgebiet
4031,Künten,Deutsches Sprachgebiet
4032,Mägenwil,Deutsches Sprachgebiet
4033,Mellingen,Deutsches Sprachgebiet
4034,Neuenhof,Deutsches Sprachgebiet
4035,Niederrohrdorf,Deutsches Sprachgebiet
4037,Oberrohrdorf,Deutsches Sprachgebiet
4038,Obersiggenthal,Deutsches Sprachgebiet
4039,Remetschwil,Deutsches Sprachgebiet
4040,Spreitenbach,Deutsches Sprachgebiet
4041,Stetten (AG),Deutsches Sprachgebiet
4042,Turgi,Deutsches Sprachgebiet
4044,Untersiggenthal,Deutsches Sprachgebiet
4045,Wettingen,Deutsches Sprachgebiet
4046,Wohlenschwil,Deutsches Sprachgebiet
4047,Würenlingen,Deutsches Sprachgebiet
4048,Würenlos,Deutsches Sprachgebiet
4049,Ehrendingen,Deutsches Sprachgebiet
4061,Arni (AG),Deutsches Sprachgebiet
4062,Berikon,Deutsches Sprachgebiet
4063,Bremgarten (AG),Deutsches Sprachgebiet
4064,Büttikon,Deutsches Sprachgebiet
4065,Dottikon,Deutsches Sprachgebiet
4066,Eggenwil,Deutsches Sprachgebiet
4067,Fischbach-Göslikon,Deutsches Sprachgebiet
4068,Hägglingen,Deutsches Sprachgebiet
4071,Jonen,Deutsches Sprachgebiet
4072,Niederwil (AG),Deutsches Sprachgebiet
4073,Oberlunkhofen,Deutsches Sprachgebiet
4074,Oberwil-Lieli,Deutsches Sprachgebiet
4075,Rudolfstetten-Friedlisberg,Deutsches Sprachgebiet
4076,Sarmenstorf,Deutsches Sprachgebiet
4077,Tägerig,Deutsches Sprachgebiet
4078,Uezwil,Deutsches Sprachgebiet
4079,Unterlunkhofen,Deutsches Sprachgebiet
4080,Villmergen,Deutsches Sprachgebiet
4081,Widen,Deutsches Sprachgebiet
4082,Wohlen (AG),Deutsches Sprachgebiet
4083,Zufikon,Deutsches Sprachgebiet
4084,Islisberg,Deutsches Sprachgebiet
4091,Auenstein,Deutsches Sprachgebiet
4092,Birr,Deutsches Sprachgebiet
4093,Birrhard,Deutsches Sprachgebiet
4095,Brugg,Deutsches Sprachgebiet
4099,Habsburg,Deutsches Sprachgebiet
4100,Hausen (AG),Deutsches Sprachgebiet
4104,Lupfig,Deutsches Sprachgebiet
4105,Mandach,Deutsches Sprachgebiet
4106,Mönthal,Deutsches Sprachgebiet
4107,Mülligen,Deutsches Sprachgebiet
4110,Remigen,Deutsches Sprachgebiet
4111,Riniken,Deutsches Sprachgebiet
4112,Rüfenach,Deutsches Sprachgebiet
4117,Thalheim (AG),Deutsches Sprachgebiet
4120,Veltheim (AG),Deutsches Sprachgebiet
4121,Villigen,Deutsches Sprachgebiet
4122,Villnachern,Deutsches Sprachgebiet
4123,Windisch,Deutsches Sprachgebiet
4124,Bözberg,Deutsches Sprachgebiet
4125,Schinznach,Deutsches Sprachgebiet
4131,Beinwil am See,Deutsches Sprachgebiet
4132,Birrwil,Deutsches Sprachgebiet
4133,Burg (AG),Deutsches Sprachgebiet
4134,Dürrenäsch,Deutsches Sprachgebiet
4135,Gontenschwil,Deutsches Sprachgebiet
4136,Holziken,Deutsches Sprachgebiet
4137,Leimbach (AG),Deutsches Sprachgebiet
4138,Leutwil,Deutsches Sprachgebiet
4139,Menziken,Deutsches Sprachgebiet
4140,Oberkulm,Deutsches Sprachgebiet
4141,Reinach (AG),Deutsches Sprachgebiet
4142,Schlossrued,Deutsches Sprachgebiet
4143,Schmiedrued,Deutsches Sprachgebiet
4144,Schöftland,Deutsches Sprachgebiet
4145,Teufenthal (AG),Deutsches Sprachgebiet
4146,Unterkulm,Deutsches Sprachgebiet
4147,Zetzwil,Deutsches Sprachgebiet
4161,Eiken,Deutsches Sprachgebiet
4163,Frick,Deutsches Sprachgebiet
4164,Gansingen,Deutsches Sprachgebiet
4165,Gipf-Oberfrick,Deutsches Sprachgebiet
4166,Herznach,Deutsches Sprachgebiet
4169,Kaisten,Deutsches Sprachgebiet
4170,Laufenburg,Deutsches Sprachgebiet
4172,Münchwilen (AG),Deutsches Sprachgebiet
4173,Oberhof,Deutsches Sprachgebiet
4175,Oeschgen,Deutsches Sprachgebiet
4176,Schwaderloch,Deutsches Sprachgebiet
4177,Sisseln,Deutsches Sprachgebiet
4179,Ueken,Deutsches Sprachgebiet
4181,Wittnau,Deutsches Sprachgebiet
4182,Wölflinswil,Deutsches Sprachgebiet
4183,Zeihen,Deutsches Sprachgebiet
4184,Mettauertal,Deutsches Sprachgebiet
4185,Böztal,Deutsches Sprachgebiet
4191,Ammerswil,Deutsches Sprachgebiet
4192,Boniswil,Deutsches Sprachgebiet
4193,Brunegg,Deutsches Sprachgebiet
4194,Dintikon,Deutsches Sprachgebiet
4195,Egliswil,Deutsches Sprachgebiet
4196,Fahrwangen,Deutsches Sprachgebiet
4197,Hallwil,Deutsches Sprachgebiet
4198,Hendschiken,Deutsches Sprachgebiet
4199,Holderbank (AG),Deutsches Sprachgebiet
4200,Hunzenschwil,Deutsches Sprachgebiet
4201,Lenzburg,Deutsches Sprachgebiet
4202,Meisterschwanden,Deutsches Sprachgebiet
4203,Möriken-Wildegg,Deutsches Sprachgebiet
4204,Niederlenz,Deutsches Sprachgebiet
4205,Othmarsingen,Deutsches Sprachgebiet
4206,Rupperswil,Deutsches Sprachgebiet
4207,Schafisheim,Deutsches Sprachgebiet
4208,Seengen,Deutsches Sprachgebiet
4209,Seon,Deutsches Sprachgebiet
4210,Staufen,Deutsches Sprachgebiet
4221,Abtwil,Deutsches Sprachgebiet
4222,Aristau,Deutsches Sprachgebiet
4223,Auw,Deutsches Sprachgebiet
4224,Beinwil (Freiamt),Deutsches Sprachgebiet
4226,Besenbüren,Deutsches Sprachgebiet
4227,Bettwil,Deutsches Sprachgebiet
4228,Boswil,Deutsches Sprachgebiet
4229,Bünzen,Deutsches Sprachgebiet
4230,Buttwil,Deutsches Sprachgebiet
4231,Dietwil,Deutsches Sprachgebiet
4232,Geltwil,Deutsches Sprachgebiet
4233,Kallern,Deutsches Sprachgebiet
4234,Merenschwand,Deutsches Sprachgebiet
4235,Mühlau,Deutsches Sprachgebiet
4236,Muri (AG),Deutsches Sprachgebiet
4237,Oberrüti,Deutsches Sprachgebiet
4238,Rottenschwil,Deutsches Sprachgebiet
4239,Sins,Deutsches Sprachgebiet
4240,Waltenschwil,Deutsches Sprachgebiet
4251,Hellikon,Deutsches Sprachgebiet
4252,Kaiseraugst,Deutsches Sprachgebiet
4253,Magden,Deutsches Sprachgebiet
4254,Möhlin,Deutsches Sprachgebiet
4255,Mumpf,Deutsches Sprachgebiet
4256,Obermumpf,Deutsches Sprachgebiet
4257,Olsberg,Deutsches Sprachgebiet
4258,Rheinfelden,Deutsches Sprachgebiet
4259,Schupfart,Deutsches Sprachgebiet
4260,Stein (AG),Deutsches Sprachgebiet
4261,Wallbach,Deutsches Sprachgebiet
4262,Wegenstetten,Deutsches Sprachgebiet
4263,Zeiningen,Deutsches Sprachgebiet
4264,Zuzgen,Deutsches Sprachgebiet
4271,Aarburg,Deutsches Sprachgebiet
4273,Bottenwil,Deutsches Sprachgebiet
4274,Brittnau,Deutsches Sprachgebiet
4275,Kirchleerau,Deutsches Sprachgebiet
4276,Kölliken,Deutsches Sprachgebiet
4277,Moosleerau,Deutsches Sprachgebiet
4279,Murgenthal,Deutsches Sprachgebiet
4280,Oftringen,Deutsches Sprachgebiet
4281,Reitnau,Deutsches Sprachgebiet
4282,Rothrist,Deutsches Sprachgebiet
4283,Safenwil,Deutsches Sprachgebiet
4284,Staffelbach,Deutsches Sprachgebiet
4285,Strengelbach,Deutsches Sprachgebiet
4286,Uerkheim,Deutsches Sprachgebiet
4287,Vordemwald,Deutsches Sprachgebiet
4288,Wiliberg,Deutsches Sprachgebiet
4289,Zofingen,Deutsches Sprachgebiet
4303,Böttstein,Deutsches Sprachgebiet
4304,Döttingen,Deutsches Sprachgebiet
4305,Endingen,Deutsches Sprachgebiet
4306,Fisibach,Deutsches Sprachgebiet
4307,Full-Reuenthal,Deutsches Sprachgebiet
4309,Klingnau,Deutsches Sprachgebiet
4310,Koblenz,Deutsches Sprachgebiet
4311,Leibstadt,Deutsches Sprachgebiet
4312,Lengnau (AG),Deutsches Sprachgebiet
4313,Leuggern,Deutsches Sprachgebiet
4314,Mellikon,Deutsches Sprachgebiet
4318,Schneisingen,Deutsches Sprachgebiet
4319,Siglistorf,Deutsches Sprachgebiet
4320,Tegerfelden,Deutsches Sprachgebiet
4324,Zurzach,Deutsches Sprachgebiet
4401,Arbon,Deutsches Sprachgebiet
4406,Dozwil,Deutsches Sprachgebiet
4411,Egnach,Deutsches Sprachgebiet
4416,Hefenhofen,Deutsches Sprachgebiet
4421,Horn,Deutsches Sprachgebiet
4426,Kesswil,Deutsches Sprachgebiet
4431,Roggwil (TG),Deutsches Sprachgebiet
4436,Romanshorn,Deutsches Sprachgebiet
4441,Salmsach,Deutsches Sprachgebiet
4446,Sommeri,Deutsches Sprachgebiet
4451,Uttwil,Deutsches Sprachgebiet
4461,Amriswil,Deutsches Sprachgebiet
4471,Bischofszell,Deutsches Sprachgebiet
4476,Erlen,Deutsches Sprachgebiet
4486,Hauptwil-Gottshaus,Deutsches Sprachgebiet
4495,Hohentannen,Deutsches Sprachgebiet
4501,Kradolf-Schönenberg,Deutsches Sprachgebiet
4506,Sulgen,Deutsches Sprachgebiet
4511,Zihlschlacht-Sitterdorf,Deutsches Sprachgebiet
4536,Basadingen-Schlattingen,Deutsches Sprachgebiet
4545,Diessenhofen,Deutsches Sprachgebiet
4546,Schlatt (TG),Deutsches Sprachgebiet
4551,Aadorf,Deutsches Sprachgebiet
4561,Felben-Wellhausen,Deutsches Sprachgebiet
4566,Frauenfeld,Deutsches Sprachgebiet
4571,Gachnang,Deutsches Sprachgebiet
4590,Hüttlingen,Deutsches Sprachgebiet
4591,Matzingen,Deutsches Sprachgebiet
4601,Neunforn,Deutsches Sprachgebiet
4606,Stettfurt,Deutsches Sprachgebiet
4611,Thundorf,Deutsches Sprachgebiet
4616,Uesslingen-Buch,Deutsches Sprachgebiet
4621,Warth-Weiningen,Deutsches Sprachgebiet
4641,Altnau,Deutsches Sprachgebiet
4643,Bottighofen,Deutsches Sprachgebiet
4646,Ermatingen,Deutsches Sprachgebiet
4651,Gottlieben,Deutsches Sprachgebiet
4656,Güttingen,Deutsches Sprachgebiet
4666,Kemmental,Deutsches Sprachgebiet
4671,Kreuzlingen,Deutsches Sprachgebiet
4681,Langrickenbach,Deutsches Sprachgebiet
4683,Lengwil,Deutsches Sprachgebiet
4691,Münsterlingen,Deutsches Sprachgebiet
4696,Tägerwilen,Deutsches Sprachgebiet
4701,Wäldi,Deutsches Sprachgebiet
4711,Affeltrangen,Deutsches Sprachgebiet
4716,Bettwiesen,Deutsches Sprachgebiet
4721,Bichelsee-Balterswil,Deutsches Sprachgebiet
4723,Braunau,Deutsches Sprachgebiet
4724,Eschlikon,Deutsches Sprachgebiet
4726,Fischingen,Deutsches Sprachgebiet
4741,Lommis,Deutsches Sprachgebiet
4746,Münchwilen (TG),Deutsches Sprachgebiet
4751,Rickenbach (TG),Deutsches Sprachgebiet
4756,Schönholzerswilen,Deutsches Sprachgebiet
4761,Sirnach,Deutsches Sprachgebiet
4776,Tobel-Tägerschen,Deutsches Sprachgebiet
4781,Wängi,Deutsches Sprachgebiet
4786,Wilen (TG),Deutsches Sprachgebiet
4791,Wuppenau,Deutsches Sprachgebiet
4801,Berlingen,Deutsches Sprachgebiet
4806,Eschenz,Deutsches Sprachgebiet
4811,Herdern,Deutsches Sprachgebiet
4816,Homburg,Deutsches Sprachgebiet
4821,Hüttwilen,Deutsches Sprachgebiet
4826,Mammern,Deutsches Sprachgebiet
4831,Müllheim,Deutsches Sprachgebiet
4841,Pfyn,Deutsches Sprachgebiet
4846,Raperswilen,Deutsches Sprachgebiet
4851,Salenstein,Deutsches Sprachgebiet
4864,Steckborn,Deutsches Sprachgebiet
4871,Wagenhausen,Deutsches Sprachgebiet
4881,Amlikon-Bissegg,Deutsches Sprachgebiet
4891,Berg (TG),Deutsches Sprachgebiet
4901,Birwinken,Deutsches Sprachgebiet
4911,Bürglen (TG),Deutsches Sprachgebiet
4921,Bussnang,Deutsches Sprachgebiet
4941,Märstetten,Deutsches Sprachgebiet
4946,Weinfelden,Deutsches Sprachgebiet
4951,Wigoltingen,Deutsches Sprachgebiet
5001,Arbedo-Castione,Italienisches Sprachgebiet
5002,Bellinzona,Italienisches Sprachgebiet
5003,Cadenazzo,Italienisches Sprachgebiet
5009,Isone,Italienisches Sprachgebiet
5010,Lumino,Italienisches Sprachgebiet
5017,Sant'Antonino,Italienisches Sprachgebiet
5048,Acquarossa,Italienisches Sprachgebiet
5049,Blenio,Italienisches Sprachgebiet
5050,Serravalle,Italienisches Sprachgebiet
5061,Airolo,Italienisches Sprachgebiet
5063,Bedretto,Italienisches Sprachgebiet
5064,Bodio,Italienisches Sprachgebiet
5071,Dalpe,Italienisches Sprachgebiet
5072,Faido,Italienisches Sprachgebiet
5073,Giornico,Italienisches Sprachgebiet
5076,Personico,Italienisches Sprachgebiet
5077,Pollegio,Italienisches Sprachgebiet
5078,Prato (Leventina),Italienisches Sprachgebiet
5079,Quinto,Italienisches Sprachgebiet
5091,Ascona,Italienisches Sprachgebiet
5096,Brione sopra Minusio,Italienisches Sprachgebiet
5097,Brissago,Italienisches Sprachgebiet
5108,Gordola,Italienisches Sprachgebiet
5112,Lavertezzo,Italienisches Sprachgebiet
5113,Locarno,Italienisches Sprachgebiet
5115,Losone,Italienisches Sprachgebiet
5117,Mergoscia,Italienisches Sprachgebiet
5118,Minusio,Italienisches Sprachgebiet
5120,Muralto,Italienisches Sprachgebiet
5121,Orselina,Italienisches Sprachgebiet
5125,Ronco sopra Ascona,Italienisches Sprachgebiet
5131,Tenero-Contra,Italienisches Sprachgebiet
5136,Onsernone,Italienisches Sprachgebiet
5138,Cugnasco-Gerra,Italienisches Sprachgebiet
5141,Agno,Italienisches Sprachgebiet
5143,Aranno,Italienisches Sprachgebiet
5144,Arogno,Italienisches Sprachgebiet
5146,Astano,Italienisches Sprachgebiet
5148,Bedano,Italienisches Sprachgebiet
5149,Bedigliora,Italienisches Sprachgebiet
5151,Bioggio,Italienisches Sprachgebiet
5154,Bissone,Italienisches Sprachgebiet
5160,Brusino Arsizio,Italienisches Sprachgebiet
5161,Cademario,Italienisches Sprachgebiet
5162,Cadempino,Italienisches Sprachgebiet
5167,Canobbio,Italienisches Sprachgebiet
5171,Caslano,Italienisches Sprachgebiet
5176,Comano,Italienisches Sprachgebiet
5180,Cureglia,Italienisches Sprachgebiet
5181,Curio,Italienisches Sprachgebiet
5186,Grancia,Italienisches Sprachgebiet
5187,Gravesano,Italienisches Sprachgebiet
5189,Lamone,Italienisches Sprachgebiet
5192,Lugano,Italienisches Sprachgebiet
5193,Magliaso,Italienisches Sprachgebiet
5194,Manno,Italienisches Sprachgebiet
5196,Massagno,Italienisches Sprachgebiet
5198,Melide,Italienisches Sprachgebiet
5199,Mezzovico-Vira,Italienisches Sprachgebiet
5200,Miglieglia,Italienisches Sprachgebiet
5203,Morcote,Italienisches Sprachgebiet
5205,Muzzano,Italienisches Sprachgebiet
5206,Neggio,Italienisches Sprachgebiet
5207,Novaggio,Italienisches Sprachgebiet
5208,Origlio,Italienisches Sprachgebiet
5210,Paradiso,Italienisches Sprachgebiet
5212,Ponte Capriasca,Italienisches Sprachgebiet
5214,Porza,Italienisches Sprachgebiet
5216,Pura,Italienisches Sprachgebiet
5221,Savosa,Italienisches Sprachgebiet
5225,Sorengo,Italienisches Sprachgebiet
5226,Capriasca,Italienisches Sprachgebiet
5227,Torricella-Taverne,Italienisches Sprachgebiet
5230,Vernate,Italienisches Sprachgebiet
5231,Vezia,Italienisches Sprachgebiet
5233,Vico Morcote,Italienisches Sprachgebiet
5236,Collina d'Oro,Italienisches Sprachgebiet
5237,Alto Malcantone,Italienisches Sprachgebiet
5238,Monteceneri,Italienisches Sprachgebiet
5239,Tresa,Italienisches Sprachgebiet
5240,Val Mara,Italienisches Sprachgebiet
5242,Balerna,Italienisches Sprachgebiet
5249,Castel San Pietro,Italienisches Sprachgebiet
5250,Chiasso,Italienisches Sprachgebiet
5251,Coldrerio,Italienisches Sprachgebiet
5254,Mendrisio,Italienisches Sprachgebiet
5257,Morbio Inferiore,Italienisches Sprachgebiet
5260,Novazzano,Italienisches Sprachgebiet
5263,Riva San Vitale,Italienisches Sprachgebiet
5266,Stabio,Italienisches Sprachgebiet
5268,Vacallo,Italienisches Sprachgebiet
5269,Breggia,Italienisches Sprachgebiet
5281,Biasca,Italienisches Sprachgebiet
5287,Riviera,Italienisches Sprachgebiet
5304,Bosco/Gurin,Italienisches Sprachgebiet
5307,Campo (Vallemaggia),Italienisches Sprachgebiet
5309,Cerentino,Italienisches Sprachgebiet
5310,Cevio,Italienisches Sprachgebiet
5315,Linescio,Italienisches Sprachgebiet
5317,Maggia,Italienisches Sprachgebiet
5323,Lavizzara,Italienisches Sprachgebiet
5324,Avegno Gordevio,Italienisches Sprachgebiet
5396,Terre di Pedemonte,Italienisches Sprachgebiet
5397,Centovalli,Italienisches Sprachgebiet
5398,Gambarogno,Italienisches Sprachgebiet
5399,Verzasca,Italienisches Sprachgebiet
5401,Aigle,Französisches Sprachgebiet
5402,Bex,Französisches Sprachgebiet
5403,Chessel,Französisches Sprachgebiet
5404,Corbeyrier,Französisches Sprachgebiet
5405,Gryon,Französisches Sprachgebiet
5406,Lavey-Morcles,Französisches Sprachgebiet
5407,Leysin,Französisches Sprachgebiet
5408,Noville,Französisches Sprachgebiet
5409,Ollon,Französisches Sprachgebiet
5410,Ormont-Dessous,Französisches Sprachgebiet
5411,Ormont-Dessus,Französisches Sprachgebiet
5412,Rennaz,Französisches Sprachgebiet
5413,Roche (VD),Französisches Sprachgebiet
5414,Villeneuve (VD),Französisches Sprachgebiet
5415,Yvorne,Französisches Sprachgebiet
5422,Aubonne,Französisches Sprachgebiet
5423,Ballens,Französisches Sprachgebiet
5424,Berolle,Französisches Sprachgebiet
5425,Bière,Französisches Sprachgebiet
5426,Bougy-Villars,Französisches Sprachgebiet
5427,Féchy,Französisches Sprachgebiet
5428,Gimel,Französisches Sprachgebiet
5429,Longirod,Französisches Sprachgebiet
5430,Marchissy,Französisches Sprachgebiet
5431,Mollens (VD),Französisches Sprachgebiet
5434,Saint-George,Französisches Sprachgebiet
5435,Saint-Livres,Französisches Sprachgebiet
5436,Saint-Oyens,Französisches Sprachgebiet
5437,Saubraz,Französisches Sprachgebiet
5451,Avenches,Französisches Sprachgebiet
5456,Cudrefin,Französisches Sprachgebiet
5458,Faoug,Französisches Sprachgebiet
5464,Vully-les-Lacs,Französisches Sprachgebiet
5471,Bettens,Französisches Sprachgebiet
5472,Bournens,Französisches Sprachgebiet
5473,Boussens,Französisches Sprachgebiet
5474,La Chaux (Cossonay),Französisches Sprachgebiet
5475,Chavannes-le-Veyron,Französisches Sprachgebiet
5476,Chevilly,Französisches Sprachgebiet
5477,Cossonay,Französisches Sprachgebiet
5479,Cuarnens,Französisches Sprachgebiet
5480,Daillens,Französisches Sprachgebiet
5481,Dizy,Französisches Sprachgebiet
5482,Eclépens,Französisches Sprachgebiet
5483,Ferreyres,Französisches Sprachgebiet
5484,Gollion,Französisches Sprachgebiet
5485,Grancy,Französisches Sprachgebiet
5486,L'Isle,Französisches Sprachgebiet
5487,Lussery-Villars,Französisches Sprachgebiet
5488,Mauraz,Französisches Sprachgebiet
5489,Mex (VD),Französisches Sprachgebiet
5490,Moiry,Französisches Sprachgebiet
5491,Mont-la-Ville,Französisches Sprachgebiet
5492,Montricher,Französisches Sprachgebiet
5493,Orny,Französisches Sprachgebiet
5495,Penthalaz,Französisches Sprachgebiet
5496,Penthaz,Französisches Sprachgebiet
5497,Pompaples,Französisches Sprachgebiet
5498,La Sarraz,Französisches Sprachgebiet
5499,Senarclens,Französisches Sprachgebiet
5501,Sullens,Französisches Sprachgebiet
5503,Vufflens-la-Ville,Französisches Sprachgebiet
5511,Assens,Französisches Sprachgebiet
5512,Bercher,Französisches Sprachgebiet
5514,Bottens,Französisches Sprachgebiet
5515,Bretigny-sur-Morrens,Französisches Sprachgebiet
5516,Cugy (VD),Französisches Sprachgebiet
5518,Echallens,Französisches Sprachgebiet
5520,Essertines-sur-Yverdon,Französisches Sprachgebiet
5521,Etagnières,Französisches Sprachgebiet
5522,Fey,Französisches Sprachgebiet
5523,Froideville,Französisches Sprachgebiet
5527,Morrens (VD),Französisches Sprachgebiet
5529,Oulens-sous-Echallens,Französisches Sprachgebiet
5530,Pailly,Französisches Sprachgebiet
5531,Penthéréaz,Französisches Sprachgebiet
5533,Poliez-Pittet,Französisches Sprachgebiet
5534,Rueyres,Französisches Sprachgebiet
5535,Saint-Barthélemy (VD),Französisches Sprachgebiet
5537,Villars-le-Terroir,Französisches Sprachgebiet
5539,Vuarrens,Französisches Sprachgebiet
5540,Montilliez,Französisches Sprachgebiet
5541,Goumoëns,Französisches Sprachgebiet
5551,Bonvillars,Französisches Sprachgebiet
5552,Bullet,Französisches Sprachgebiet
5553,Champagne,Französisches Sprachgebiet
5554,Concise,Französisches Sprachgebiet
5555,Corcelles-près-Concise,Französisches Sprachgebiet
5556,Fiez,Französisches Sprachgebiet
5557,Fontaines-sur-Grandson,Französisches Sprachgebiet
5559,Giez,Französisches Sprachgebiet
5560,Grandevent,Französisches Sprachgebiet
5561,Grandson,Französisches Sprachgebiet
5562,Mauborget,Französisches Sprachgebiet
5563,Mutrux,Französisches Sprachgebiet
5564,Novalles,Französisches Sprachgebiet
5565,Onnens (VD),Französisches Sprachgebiet
5566,Provence,Französisches Sprachgebiet
5568,Sainte-Croix,Französisches Sprachgebiet
5571,Tévenon,Französisches Sprachgebiet
5581,Belmont-sur-Lausanne,Französisches Sprachgebiet
5582,Cheseaux-sur-Lausanne,Französisches Sprachgebiet
5583,Crissier,Französisches Sprachgebiet
5584,Epalinges,Französisches Sprachgebiet
5585,Jouxtens-Mézery,Französisches Sprachgebiet
5586,Lausanne,Französisches Sprachgebiet
5587,Le Mont-sur-Lausanne,Französisches Sprachgebiet
5588,Paudex,Französisches Sprachgebiet
5589,Prilly,Französisches Sprachgebiet
5590,Pully,Französisches Sprachgebiet
5591,Renens (VD),Französisches Sprachgebiet
5592,Romanel-sur-Lausanne,Französisches Sprachgebiet
5601,Chexbres,Französisches Sprachgebiet
5604,Forel (Lavaux),Französisches Sprachgebiet
5606,Lutry,Französisches Sprachgebiet
5607,Puidoux,Französisches Sprachgebiet
5609,Rivaz,Französisches Sprachgebiet
5610,Saint-Saphorin (Lavaux),Französisches Sprachgebiet
5611,Savigny,Französisches Sprachgebiet
5613,Bourg-en-Lavaux,Französisches Sprachgebiet
5621,Aclens,Französisches Sprachgebiet
5622,Bremblens,Französisches Sprachgebiet
5623,Buchillon,Französisches Sprachgebiet
5624,Bussigny,Französisches Sprachgebiet
5627,Chavannes-près-Renens,Französisches Sprachgebiet
5628,Chigny,Französisches Sprachgebiet
5629,Clarmont,Französisches Sprachgebiet
5631,Denens,Französisches Sprachgebiet
5632,Denges,Französisches Sprachgebiet
5633,Echandens,Französisches Sprachgebiet
5634,Echichens,Französisches Sprachgebiet
5635,Ecublens (VD),Französisches Sprachgebiet
5636,Etoy,Französisches Sprachgebiet
5637,Lavigny,Französisches Sprachgebiet
5638,Lonay,Französisches Sprachgebiet
5639,Lully (VD),Französisches Sprachgebiet
5640,Lussy-sur-Morges,Französisches Sprachgebiet
5642,Morges,Französisches Sprachgebiet
5643,Préverenges,Französisches Sprachgebiet
5645,Romanel-sur-Morges,Französisches Sprachgebiet
5646,Saint-Prex,Französisches Sprachgebiet
5648,Saint-Sulpice (VD),Französisches Sprachgebiet
5649,Tolochenaz,Französisches Sprachgebiet
5650,Vaux-sur-Morges,Französisches Sprachgebiet
5651,Villars-Sainte-Croix,Französisches Sprachgebiet
5652,Villars-sous-Yens,Französisches Sprachgebiet
5653,Vufflens-le-Château,Französisches Sprachgebiet
5654,Vullierens,Französisches Sprachgebiet
5655,Yens,Französisches Sprachgebiet
5656,Hautemorges,Französisches Sprachgebiet
5661,Boulens,Französisches Sprachgebiet
5663,Bussy-sur-Moudon,Französisches Sprachgebiet
5665,Chavannes-sur-Moudon,Französisches Sprachgebiet
5669,Curtilles,Französisches Sprachgebiet
5671,Dompierre (VD),Französisches Sprachgebiet
5673,Hermenches,Französisches Sprachgebiet
5674,Lovatens,Französisches Sprachgebiet
5675,Lucens,Französisches Sprachgebiet
5678,Moudon,Französisches Sprachgebiet
5680,Ogens,Französisches Sprachgebiet
5683,Prévonloup,Französisches Sprachgebiet
5684,Rossenges,Französisches Sprachgebiet
5688,Syens,Französisches Sprachgebiet
5690,Villars-le-Comte,Französisches Sprachgebiet
5692,Vucherens,Französisches Sprachgebiet
5693,Montanaire,Französisches Sprachgebiet
5701,Arnex-sur-Nyon,Französisches Sprachgebiet
5702,Arzier-Le Muids,Französisches Sprachgebiet
5703,Bassins,Französisches Sprachgebiet
5704,Begnins,Französisches Sprachgebiet
5705,Bogis-Bossey,Französisches Sprachgebiet
5706,Borex,Französisches Sprachgebiet
5707,Chavannes-de-Bogis,Französisches Sprachgebiet
5708,Chavannes-des-Bois,Französisches Sprachgebiet
5709,Chéserex,Französisches Sprachgebiet
5710,Coinsins,Französisches Sprachgebiet
5711,Commugny,Französisches Sprachgebiet
5712,Coppet,Französisches Sprachgebiet
5713,Crans (VD),Französisches Sprachgebiet
5714,Crassier,Französisches Sprachgebiet
5715,Duillier,Französisches Sprachgebiet
5716,Eysins,Französisches Sprachgebiet
5717,Founex,Französisches Sprachgebiet
5718,Genolier,Französisches Sprachgebiet
5719,Gingins,Französisches Sprachgebiet
5720,Givrins,Französisches Sprachgebiet
5721,Gland,Französisches Sprachgebiet
5722,Grens,Französisches Sprachgebiet
5723,Mies,Französisches Sprachgebiet
5724,Nyon,Französisches Sprachgebiet
5725,Prangins,Französisches Sprachgebiet
5726,La Rippe,Französisches Sprachgebiet
5727,Saint-Cergue,Französisches Sprachgebiet
5728,Signy-Avenex,Französisches Sprachgebiet
5729,Tannay,Französisches Sprachgebiet
5730,Trélex,Französisches Sprachgebiet
5731,Le Vaud,Französisches Sprachgebiet
5732,Vich,Französisches Sprachgebiet
5741,L'Abergement,Französisches Sprachgebiet
5742,Agiez,Französisches Sprachgebiet
5743,Arnex-sur-Orbe,Französisches Sprachgebiet
5744,Ballaigues,Französisches Sprachgebiet
5745,Baulmes,Französisches Sprachgebiet
5746,Bavois,Französisches Sprachgebiet
5747,Bofflens,Französisches Sprachgebiet
5748,Bretonnières,Französisches Sprachgebiet
5749,Chavornay,Französisches Sprachgebiet
5750,Les Clées,Französisches Sprachgebiet
5752,Croy,Französisches Sprachgebiet
5754,Juriens,Französisches Sprachgebiet
5755,Lignerolle,Französisches Sprachgebiet
5756,Montcherand,Französisches Sprachgebiet
5757,Orbe,Französisches Sprachgebiet
5758,La Praz,Französisches Sprachgebiet
5759,Premier,Französisches Sprachgebiet
5760,Rances,Französisches Sprachgebiet
5761,Romainmôtier-Envy,Französisches Sprachgebiet
5762,Sergey,Französisches Sprachgebiet
5763,Valeyres-sous-Rances,Französisches Sprachgebiet
5764,Vallorbe,Französisches Sprachgebiet
5765,Vaulion,Französisches Sprachgebiet
5766,Vuiteboeuf,Französisches Sprachgebiet
5785,Corcelles-le-Jorat,Französisches Sprachgebiet
5790,Maracon,Französisches Sprachgebiet
5792,Montpreveyres,Französisches Sprachgebiet
5798,Ropraz,Französisches Sprachgebiet
5799,Servion,Französisches Sprachgebiet
5803,Vulliens,Französisches Sprachgebiet
5804,Jorat-Menthue,Französisches Sprachgebiet
5805,Oron,Französisches Sprachgebiet
5806,Jorat-Mézières,Französisches Sprachgebiet
5812,Champtauroz,Französisches Sprachgebiet
5813,Chevroux,Französisches Sprachgebiet
5816,Corcelles-près-Payerne,Französisches Sprachgebiet
5817,Grandcour,Französisches Sprachgebiet
5819,Henniez,Französisches Sprachgebiet
5821,Missy,Französisches Sprachgebiet
5822,Payerne,Französisches Sprachgebiet
5827,Trey,Französisches Sprachgebiet
5828,Treytorrens (Payerne),Französisches Sprachgebiet
5830,Villarzel,Französisches Sprachgebiet
5831,Valbroye,Französisches Sprachgebiet
5841,Château-d'Oex,Französisches Sprachgebiet
5842,Rossinière,Französisches Sprachgebiet
5843,Rougemont,Französisches Sprachgebiet
5851,Allaman,Französisches Sprachgebiet
5852,Bursinel,Französisches Sprachgebiet
5853,Bursins,Französisches Sprachgebiet
5854,Burtigny,Französisches Sprachgebiet
5855,Dully,Französisches Sprachgebiet
5856,Essertines-sur-Rolle,Französisches Sprachgebiet
5857,Gilly,Französisches Sprachgebiet
5858,Luins,Französisches Sprachgebiet
5859,Mont-sur-Rolle,Französisches Sprachgebiet
5860,Perroy,Französisches Sprachgebiet
5861,Rolle,Französisches Sprachgebiet
5862,Tartegnin,Französisches Sprachgebiet
5863,Vinzel,Französisches Sprachgebiet
5871,L'Abbaye,Französisches Sprachgebiet
5872,Le Chenit,Französisches Sprachgebiet
5873,Le Lieu,Französisches Sprachgebiet
5882,Chardonne,Französisches Sprachgebiet
5883,Corseaux,Französisches Sprachgebiet
5884,Corsier-sur-Vevey,Französisches Sprachgebiet
5885,Jongny,Französisches Sprachgebiet
5886,Montreux,Französisches Sprachgebiet
5889,La Tour-de-Peilz,Französisches Sprachgebiet
5890,Vevey,Französisches Sprachgebiet
5891,Veytaux,Französisches Sprachgebiet
5892,Blonay - Saint-Légier,Französisches Sprachgebiet
5902,Belmont-sur-Yverdon,Französisches Sprachgebiet
5903,Bioley-Magnoux,Französisches Sprachgebiet
5904,Chamblon,Französisches Sprachgebiet
5905,Champvent,Französisches Sprachgebiet
5907,Chavannes-le-Chêne,Französisches Sprachgebiet
5908,Chêne-Pâquier,Französisches Sprachgebiet
5909,Cheseaux-Noréaz,Französisches Sprachgebiet
5910,Cronay,Französisches Sprachgebiet
5911,Cuarny,Französisches Sprachgebiet
5912,Démoret,Französisches Sprachgebiet
5913,Donneloye,Französisches Sprachgebiet
5914,Ependes (VD),Französisches Sprachgebiet
5919,Mathod,Französisches Sprachgebiet
5921,Molondin,Französisches Sprachgebiet
5922,Montagny-près-Yverdon,Französisches Sprachgebiet
5923,Oppens,Französisches Sprachgebiet
5924,Orges,Französisches Sprachgebiet
5925,Orzens,Französisches Sprachgebiet
5926,Pomy,Französisches Sprachgebiet
5928,Rovray,Französisches Sprachgebiet
5929,Suchy,Französisches Sprachgebiet
5930,Suscévaz,Französisches Sprachgebiet
5931,Treycovagnes,Französisches Sprachgebiet
5932,Ursins,Französisches Sprachgebiet
5933,Valeyres-sous-Montagny,Französisches Sprachgebiet
5934,Valeyres-sous-Ursins,Französisches Sprachgebiet
5935,Villars-Epeney,Französisches Sprachgebiet
5937,Vugelles-La Mothe,Französisches Sprachgebiet
5938,Yverdon-les-Bains,Französisches Sprachgebiet
5939,Yvonand,Französisches Sprachgebiet
6002,Brig-Glis,Deutsches Sprachgebiet
6004,Eggerberg,Deutsches Sprachgebiet
6007,Naters,Deutsches Sprachgebiet
6008,Ried-Brig,Deutsches Sprachgebiet
6009,Simplon,Deutsches Sprachgebiet
6010,Termen,Deutsches Sprachgebiet
6011,Zwischbergen,Deutsches Sprachgebiet
6021,Ardon,Französisches Sprachgebiet
6022,Chamoson,Französisches Sprachgebiet
6023,Conthey,Französisches Sprachgebiet
6024,Nendaz,Französisches Sprachgebiet
6025,Vétroz,Französisches Sprachgebiet
6032,Bourg-Saint-Pierre,Französisches Sprachgebiet
6033,Liddes,Französisches Sprachgebiet
6034,Orsières,Französisches Sprachgebiet
6035,Sembrancher,Französisches Sprachgebiet
6037,Val de Bagnes,Französisches Sprachgebiet
6052,Bellwald,Deutsches Sprachgebiet
6054,Binn,Deutsches Sprachgebiet
6056,Ernen,Deutsches Sprachgebiet
6057,Fiesch,Deutsches Sprachgebiet
6058,Fieschertal,Deutsches Sprachgebiet
6061,Lax,Deutsches Sprachgebiet
6076,Obergoms,Deutsches Sprachgebiet
6077,Goms,Deutsches Sprachgebiet
6082,Ayent,Französisches Sprachgebiet
6083,Evolène,Französisches Sprachgebiet
6084,Hérémence,Französisches Sprachgebiet
6087,Saint-Martin (VS),Französisches Sprachgebiet
6089,Vex,Französisches Sprachgebiet
6090,Mont-Noble,Französisches Sprachgebiet
6101,Agarn,Deutsches Sprachgebiet
6102,Albinen,Deutsches Sprachgebiet
6104,Ergisch,Deutsches Sprachgebiet
6109,Inden,Deutsches Sprachgebiet
6110,Leuk,Deutsches Sprachgebiet
6111,Leukerbad,Deutsches Sprachgebiet
6112,Oberems,Deutsches Sprachgebiet
6113,Salgesch,Deutsches Sprachgebiet
6116,Varen,Deutsches Sprachgebiet
6117,Guttet-Feschel,Deutsches Sprachgebiet
6118,Gampel-Bratsch,Deutsches Sprachgebiet
6119,Turtmann-Unterems,Deutsches Sprachgebiet
6131,Bovernier,Französisches Sprachgebiet
6133,Fully,Französisches Sprachgebiet
6134,Isérables,Französisches Sprachgebiet
6135,Leytron,Französisches Sprachgebiet
6136,Martigny,Französisches Sprachgebiet
6137,Martigny-Combe,Französisches Sprachgebiet
6139,Riddes,Französisches Sprachgebiet
6140,Saillon,Französisches Sprachgebiet
6141,Saxon,Französisches Sprachgebiet
6142,Trient,Französisches Sprachgebiet
6151,Champéry,Französisches Sprachgebiet
6152,Collombey-Muraz,Französisches Sprachgebiet
6153,Monthey,Französisches Sprachgebiet
6154,Port-Valais,Französisches Sprachgebiet
6155,Saint-Gingolph,Französisches Sprachgebiet
6156,Troistorrents,Französisches Sprachgebiet
6157,Val-d'Illiez,Französisches Sprachgebiet
6158,Vionnaz,Französisches Sprachgebiet
6159,Vouvry,Französisches Sprachgebiet
6172,Bister,Deutsches Sprachgebiet
6173,Bitsch,Deutsches Sprachgebiet
6177,Grengiols,Deutsches Sprachgebiet
6181,Riederalp,Deutsches Sprachgebiet
6191,Ausserberg,Deutsches Sprachgebiet
6192,Blatten,Deutsches Sprachgebiet
6193,Bürchen,Deutsches Sprachgebiet
6194,Eischoll,Deutsches Sprachgebiet
6195,Ferden,Deutsches Sprachgebiet
6197,Kippel,Deutsches Sprachgebiet
6198,Niedergesteln,Deutsches Sprachgebiet
6199,Raron,Deutsches Sprachgebiet
6201,Unterbäch,Deutsches Sprachgebiet
6202,Wiler (Lötschen),Deutsches Sprachgebiet
6203,Mörel-Filet,Deutsches Sprachgebiet
6204,Steg-Hohtenn,Deutsches Sprachgebiet
6205,Bettmeralp,Deutsches Sprachgebiet
6211,Collonges,Französisches Sprachgebiet
6212,Dorénaz,Französisches Sprachgebiet
6213,Evionnaz,Französisches Sprachgebiet
6214,Finhaut,Französisches Sprachgebiet
6215,Massongex,Französisches Sprachgebiet
6217,Saint-Maurice,Französisches Sprachgebiet
6218,Salvan,Französisches Sprachgebiet
6219,Vernayaz,Französisches Sprachgebiet
6220,Vérossaz,Französisches Sprachgebiet
6232,Chalais,Französisches Sprachgebiet
6235,Chippis,Französisches Sprachgebiet
6238,Grône,Französisches Sprachgebiet
6239,Icogne,Französisches Sprachgebiet
6240,Lens,Französisches Sprachgebiet
6246,Saint-Léonard,Französisches Sprachgebiet
6248,Sierre,Französisches Sprachgebiet
6252,Anniviers,Französisches Sprachgebiet
6253,Crans-Montana,Französisches Sprachgebiet
6254,Noble-Contrée,Französisches Sprachgebiet
6261,Arbaz,Französisches Sprachgebiet
6263,Grimisuat,Französisches Sprachgebiet
6265,Savièse,Französisches Sprachgebiet
6266,Sion,Französisches Sprachgebiet
6267,Veysonnaz,Französisches Sprachgebiet
6281,Baltschieder,Deutsches Sprachgebiet
6282,Eisten,Deutsches Sprachgebiet
6283,Embd,Deutsches Sprachgebiet
6285,Grächen,Deutsches Sprachgebiet
6286,Lalden,Deutsches Sprachgebiet
6287,Randa,Deutsches Sprachgebiet
6288,Saas-Almagell,Deutsches Sprachgebiet
6289,Saas-Balen,Deutsches Sprachgebiet
6290,Saas-Fee,Deutsches Sprachgebiet
6291,Saas-Grund,Deutsches Sprachgebiet
6292,St. Niklaus,Deutsches Sprachgebiet
6293,Stalden (VS),Deutsches Sprachgebiet
6294,Staldenried,Deutsches Sprachgebiet
6295,Täsch,Deutsches Sprachgebiet
6296,Törbel,Deutsches Sprachgebiet
6297,Visp,Deutsches Sprachgebiet
6298,Visperterminen,Deutsches Sprachgebiet
6299,Zeneggen,Deutsches Sprachgebiet
6300,Zermatt,Deutsches Sprachgebiet
6404,Boudry,Französisches Sprachgebiet
6408,Cortaillod,Französisches Sprachgebiet
6413,Rochefort,Französisches Sprachgebiet
6416,Milvignes,Französisches Sprachgebiet
6417,La Grande Béroche,Französisches Sprachgebiet
6421,La Chaux-de-Fonds,Französisches Sprachgebiet
6422,Les Planchettes,Französisches Sprachgebiet
6423,La Sagne,Französisches Sprachgebiet
6432,La Brévine,Französisches Sprachgebiet
6433,Brot-Plamboz,Französisches Sprachgebiet
6434,Le Cerneux-Péquignot,Französisches Sprachgebiet
6435,La Chaux-du-Milieu,Französisches Sprachgebiet
6436,Le Locle,Französisches Sprachgebiet
6437,Les Ponts-de-Martel,Französisches Sprachgebiet
6451,Cornaux,Französisches Sprachgebiet
6452,Cressier (NE),Französisches Sprachgebiet
6453,Enges,Französisches Sprachgebiet
6454,Hauterive (NE),Französisches Sprachgebiet
6455,Le Landeron,Französisches Sprachgebiet
6456,Lignières,Französisches Sprachgebiet
6458,Neuchâtel,Französisches Sprachgebiet
6459,Saint-Blaise,Französisches Sprachgebiet
6461,La Tène,Französisches Sprachgebiet
6487,Val-de-Ruz,Französisches Sprachgebiet
6504,La Côte-aux-Fées,Französisches Sprachgebiet
6511,Les Verrières,Französisches Sprachgebiet
6512,Val-de-Travers,Französisches Sprachgebiet
6601,Aire-la-Ville,Französisches Sprachgebiet
6602,Anières,Französisches Sprachgebiet
6603,Avully,Französisches Sprachgebiet
6604,Avusy,Französisches Sprachgebiet
6605,Bardonnex,Französisches Sprachgebiet
6606,Bellevue,Französisches Sprachgebiet
6607,Bernex,Französisches Sprachgebiet
6608,Carouge (GE),Französisches Sprachgebiet
6609,Cartigny,Französisches Sprachgebiet
6610,Céligny,Französisches Sprachgebiet
6611,Chancy,Französisches Sprachgebiet
6612,Chêne-Bougeries,Französisches Sprachgebiet
6613,Chêne-Bourg,Französisches Sprachgebiet
6614,Choulex,Französisches Sprachgebiet
6615,Collex-Bossy,Französisches Sprachgebiet
6616,Collonge-Bellerive,Französisches Sprachgebiet
6617,Cologny,Französisches Sprachgebiet
6618,Confignon,Französisches Sprachgebiet
6619,Corsier (GE),Französisches Sprachgebiet
6620,Dardagny,Französisches Sprachgebiet
6621,Genève,Französisches Sprachgebiet
6622,Genthod,Französisches Sprachgebiet
6623,Le Grand-Saconnex,Französisches Sprachgebiet
6624,Gy,Französisches Sprachgebiet
6625,Hermance,Französisches Sprachgebiet
6626,Jussy,Französisches Sprachgebiet
6627,Laconnex,Französisches Sprachgebiet
6628,Lancy,Französisches Sprachgebiet
6629,Meinier,Französisches Sprachgebiet
6630,Meyrin,Französisches Sprachgebiet
6631,Onex,Französisches Sprachgebiet
6632,Perly-Certoux,Französisches Sprachgebiet
6633,Plan-les-Ouates,Französisches Sprachgebiet
6634,Pregny-Chambésy,Französisches Sprachgebiet
6635,Presinge,Französisches Sprachgebiet
6636,Puplinge,Französisches Sprachgebiet
6637,Russin,Französisches Sprachgebiet
6638,Satigny,Französisches Sprachgebiet
6639,Soral,Französisches Sprachgebiet
6640,Thônex,Französisches Sprachgebiet
6641,Troinex,Französisches Sprachgebiet
6642,Vandoeuvres,Französisches Sprachgebiet
6643,Vernier,Französisches Sprachgebiet
6644,Versoix,Französisches Sprachgebiet
6645,Veyrier,Französisches Sprachgebiet
6702,Boécourt,Französisches Sprachgebiet
6703,Bourrignon,Französisches Sprachgebiet
6704,Châtillon (JU),Französisches Sprachgebiet
6706,Courchapoix,Französisches Sprachgebiet
6708,Courrendlin,Französisches Sprachgebiet
6709,Courroux,Französisches Sprachgebiet
6710,Courtételle,Französisches Sprachgebiet
6711,Delémont,Französisches Sprachgebiet
6712,Develier,Französisches Sprachgebiet
6713,Ederswiler,Deutsches Sprachgebiet
6715,Mervelier,Französisches Sprachgebiet
6716,Mettembert,Französisches Sprachgebiet
6718,Movelier,Französisches Sprachgebiet
6719,Pleigne,Französisches Sprachgebiet
6721,Rossemaison,Französisches Sprachgebiet
6722,Saulcy,Französisches Sprachgebiet
6724,Soyhières,Französisches Sprachgebiet
6729,Haute-Sorne,Französisches Sprachgebiet
6730,Val Terbi,Französisches Sprachgebiet
6741,Le Bémont (JU),Französisches Sprachgebiet
6742,Les Bois,Französisches Sprachgebiet
6743,Les Breuleux,Französisches Sprachgebiet
6744,La Chaux-des-Breuleux,Französisches Sprachgebiet
6745,Les Enfers,Französisches Sprachgebiet
6748,Les Genevez (JU),Französisches Sprachgebiet
6750,Lajoux (JU),Französisches Sprachgebiet
6751,Montfaucon,Französisches Sprachgebiet
6753,Muriaux,Französisches Sprachgebiet
6754,Le Noirmont,Französisches Sprachgebiet
6757,Saignelégier,Französisches Sprachgebiet
6758,Saint-Brais,Französisches Sprachgebiet
6759,Soubey,Französisches Sprachgebiet
6771,Alle,Französisches Sprachgebiet
6773,Beurnevésin,Französisches Sprachgebiet
6774,Boncourt,Französisches Sprachgebiet
6775,Bonfol,Französisches Sprachgebiet
6778,Bure,Französisches Sprachgebiet
6781,Coeuve,Französisches Sprachgebiet
6782,Cornol,Französisches Sprachgebiet
6783,Courchavon,Französisches Sprachgebiet
6784,Courgenay,Französisches Sprachgebiet
6785,Courtedoux,Französisches Sprachgebiet
6787,Damphreux,Französisches Sprachgebiet
6789,Fahy,Französisches Sprachgebiet
6790,Fontenais,Französisches Sprachgebiet
6792,Grandfontaine,Französisches Sprachgebiet
6793,Lugnez,Französisches Sprachgebiet
6800,Porrentruy,Französisches Sprachgebiet
6806,Vendlincourt,Französisches Sprachgebiet
6807,Basse-Allaine,Französisches Sprachgebiet
6808,Clos du Doubs,Französisches Sprachgebiet
6809,Haute-Ajoie,Französisches Sprachgebiet
6810,La Baroche,Französisches Sprachgebiet
